32838	550503
73264	553602
4327	629007
33812	593449
194869	663275
143925	598666
50875	574110
57203	627028
195393	536040
40697	580614
198114	649004
63386	570923
7878	660526
368621	699650
200639	539863
51019	585879
11670	654895
49743	556328
197855	646169
8258	623332
56262	554421
202110	570101
55294	533732
1828	602312
79669	572585
18690	589000
145980	532181
21309	561597
23881	605633
38466	587260
40324	562700
25801	658639
58475	551753
34827	569557
61498	558950
73874	536267
364398	682823
82265	601645
248243	663420
129694	551597
132508	646371
27468	606150
434601	685102
199268	644500
8063	530406
62606	560272
11826	658595
196618	558653
198324	612569
427653	686584
202188	530133
196320	526644
50380	605073
196424	630944
64056	647601
203393	628525
881	536124
40480	558707
90464	638516
33807	617705
61969	566744
134673	542752
6059	610017
120634	617714
60239	603155
176320	670641
38653	537739
201021	644505
58099	583135
467825	601724
195033	649678
201315	652884
61804	553392
96283	540599
202382	586826
24993	582589
201459	654048
9388	644134
55672	635933
50951	579839
243187	696633
60656	558227
151284	551019
99807	602222
21525	553583
429859	687066
9244	531915
436167	690830
27446	587701
9542	604455
48682	572359
194417	586465
14440	533695
92091	589610
71426	531083
78712	576612
22383	623492
198990	607948
52571	568654
203026	627913
434102	692153
78500	568485
193719	653304
136407	565616
40405	525862
45601	547387
61156	632285
68299	572097
69399	569128
54990	583703
195440	652587
18856	639398
196134	652006
77682	622477
56340	627258
365766	527855
6882	552935
315592	575929
99562	540586
24066	550063
355363	676602
194770	542033
151258	655294
76662	534274
56836	584192
65896	608919
31302	578840
30377	572604
11086	563662
39467	629539
8919	636782
355332	766036
33077	553226
3745	546982
52973	550634
7592	568921
43837	595338
44815	551960
146854	599124
29167	625795
42147	539147
15219	623242
55476	537111
149162	657263
62684	580272
17600	564569
225657	585170
462210	683263
38977	613757
33895	585942
33149	593387
45577	601549
19600	625967
121075	636760
50432	582967
200774	605700
160072	653340
30395	528664
9557	625787
50290	538732
302385	635524
269678	586161
194507	559316
32104	635219
56415	547247
65178	614407
28572	604116
115893	646536
49003	544692
70576	531823
224314	588636
46464	594273
369099	687134
212895	623718
43216	640618
63414	546173
39638	590890
60670	594467
39179	531856
6195	623172
123123	649640
44256	567689
53556	614297
8694	628767
132902	607381
21487	622196
43809	584418
435908	690305
53693	655609
63148	620248
196087	660844
31793	651820
203747	635172
51113	617342
427567	677777
58852	547657
193254	559896
5822	573652
135343	565781
131065	625365
49196	574411
34782	658944
198435	608388
190109	595078
9034	604459
203936	561934
59549	538363
365751	630423
128163	635360
193799	630967
55655	550751
39916	546482
30752	649347
193570	584846
77450	566409
50500	563549
20629	595076
32170	535513
51126	591188
16562	590166
31916	590243
75100	663201
95837	549478
81974	555814
203585	536189
53319	529455
48239	574730
26347	579189
31966	544693
490133	760487
88972	618109
53736	526235
63074	612242
323139	567828
54127	650225
2644	600935
38784	530616
155952	586665
61860	615908
16575	594013
4366	560773
373710	721599
23985	635998
54236	538199
44687	564318
55812	608032
194494	657635
195281	592344
43397	551052
55643	639023
94580	623917
77354	599601
32715	531819
130544	654117
34960	590777
43482	592038
521273	563014
211650	616353
197752	543376
11935	550775
429412	747170
22396	614614
226606	560949
10353	534953
169516	598107
58802	555198
16660	591699
19168	646869
201302	642782
84965	554829
202087	577979
7430	548141
369241	694555
58735	640264
36311	619351
28899	564123
4121	536627
34659	573631
435835	673099
8293	585917
61994	625859
196155	661864
202391	630927
27743	529611
40792	532126
143875	649723
31390	624343
215204	558434
52002	588994
42822	533214
49631	607972
59597	629783
200587	539827
41361	539223
453	575092
11121	591344
548	528106
166145	556615
124339	665637
32434	527016
44051	642811
77471	581121
11513	547824
22651	635037
57488	556463
71486	591598
169329	590327
127140	561133
13418	603103
368691	758187
4840	549621
62176	612530
199917	614911
203346	614707
122684	543193
121466	642441
76165	647827
50037	595980
197995	629591
15397	650230
107898	590131
24911	535981
44875	590694
237364	618514
70733	548084
426192	731998
354025	708460
282727	568850
122842	635350
19945	566146
40224	569125
30064	544954
89198	625870
60894	533519
1180	555891
365583	618535
11378	625550
66930	549497
6748	614053
47593	538100
34126	542156
36547	553902
224370	609969
44343	574835
56485	627134
151103	638438
53901	539982
197788	633662
117202	658461
113815	596471
369476	740075
52792	608982
370373	691009
63858	606961
328442	572129
30915	575725
101998	594133
195766	599476
80445	552507
328574	652512
14789	570283
44367	604178
32709	557209
18862	590628
143716	574155
16049	588630
4758	535167
58268	549997
101997	639048
136109	557062
49515	597999
369105	665488
54764	558735
30819	649223
104425	532920
194598	630703
110800	578218
57980	594336
199730	609570
26784	619691
14693	571170
74815	531168
370422	749193
71778	568002
61676	543526
54134	556108
947	532113
48031	546871
15152	606958
91300	659648
216973	534045
201254	563713
58035	538424
59604	557779
198102	624249
26051	553097
35506	624038
204006	620975
198454	582429
8832	565455
46188	616441
67218	554766
38025	561662
369117	690313
98703	659498
50365	621559
23827	563435
65489	533209
202120	636879
22085	571407
2168	539186
11850	656483
73519	556374
37356	549417
248195	761453
368712	727851
195954	596238
163968	656340
20573	594966
30928	527319
28705	530032
19891	589736
20566	629864
18449	626199
61244	592069
253393	537575
200221	571856
41139	550778
21647	527915
39646	598319
1288	556732
1579	583167
70037	539730
13496	589244
12834	573549
77474	598736
49900	584557
134668	619665
31370	543091
29728	567369
60864	615688
202940	594912
40102	572090
52730	545030
26377	616039
67007	577220
84890	590308
155914	624100
34834	551328
27236	528260
18107	547944
57435	549587
622	535277
31386	528715
49339	603895
19700	564387
187853	628619
7778	554872
510	616354
201169	598914
65576	583644
4318	597381
197629	637795
76440	560327
84474	588631
117085	617370
49345	594205
56614	538981
65911	649419
20465	630950
43916	570176
58493	537916
28904	531017
39118	533586
49312	542322
35835	532460
77788	539933
51302	623990
13902	550465
70324	662659
42195	548579
15851	585746
365012	717957
93593	549722
8925	539764
57814	603913
30456	577376
2607	558524
425585	581635
36400	572071
42335	611942
325840	624228
46114	526833
29883	584149
44693	537712
200281	621949
6832	616549
58057	610972
199920	626027
25432	632013
32774	588926
61454	527642
61889	589246
31322	529780
34428	566388
38625	533871
53447	544414
23247	652262
45570	611294
197844	625855
193608	637491
2000	562147
47293	592982
122533	598556
30158	573144
49449	638426
59945	600426
62873	630322
58570	663456
77190	578298
3124	639939
315368	642675
34457	551474
54495	665804
50312	591747
70889	610384
199864	571312
3484	550859
193260	607774
235994	546036
16727	604798
66298	620528
31002	531269
15099	585166
202790	535329
35157	629946
428846	650489
202532	579390
59502	574032
26946	624357
193892	602934
165557	596521
201355	619542
39568	611265
33782	527278
41853	543026
64646	545932
65683	526058
200572	567670
10471	544525
47980	600628
103892	559763
44506	636336
52883	556295
195425	639496
262283	637257
49563	630036
37896	613032
34404	582074
432921	744136
81985	571977
32246	645720
203463	662230
55791	576544
53549	601045
20131	564795
81836	578294
432706	687122
212790	635420
52645	586742
18490	557685
1401	586352
238422	571457
199495	581491
27360	612583
40380	593638
23196	631712
25611	593852
8722	615696
61773	530731
430425	722632
21267	609244
35882	540863
26626	623311
45444	572802
140143	544696
61299	540462
19023	528117
4222	620244
66793	550947
199513	646970
160849	583546
691	596547
59827	536273
89725	565430
41838	600043
207790	599060
45870	556969
202327	576890
1339	571330
127693	554676
111424	626408
159790	550360
45502	605595
368464	766716
167323	526335
202038	617935
63191	574125
196504	604326
46529	642218
47298	610942
28424	529524
24692	565589
434992	710550
67000	596578
5626	565145
48555	592480
49464	597333
64726	570369
193956	527497
6726	632364
19470	568551
52419	611962
435739	726286
65515	655572
159456	574853
121208	532089
58003	556255
68787	538645
31592	535089
7054	549792
166686	592053
53810	603292
39406	528635
94157	621229
11503	537717
17931	555145
61038	560977
18391	557988
163973	630947
245501	536577
34883	553797
34724	537052
58708	587327
40894	584273
2325	624937
12334	570025
43092	620260
366260	602087
181784	528210
198480	662756
278398	647060
86435	561311
365399	617991
199135	578331
585	602947
50251	556444
110193	563274
6455	552273
226838	629832
69286	561048
174346	639419
132454	592650
32679	551710
26225	534295
38449	557274
434574	766613
426055	709631
24356	536441
119592	581818
27076	639864
194479	657611
61335	543365
440749	674461
200051	537627
28530	619177
112779	593877
50359	628287
19420	604776
59931	576527
9583	634103
52077	583628
13703	610835
41192	535424
54675	543378
56858	617519
100372	617972
249449	633078
142656	637567
46255	642622
25423	553055
164027	555101
165892	580022
77690	575965
38392	549763
9301	526157
367994	735899
24488	591221
48107	532749
313732	616004
196338	639248
159486	605015
200630	663381
133843	574848
199464	656791
42768	546404
140907	690366
56431	648461
51416	585388
66801	614839
105559	648268
62991	565517
25963	612248
16817	609739
30423	533512
38833	526408
17564	637763
41734	549396
151317	577603
56760	568988
203647	538627
26585	648426
37855	568899
87859	628176
85858	565543
195260	633187
63492	598433
21815	625578
34196	598790
195785	646701
6674	584617
10307	566325
63205	633334
179721	543359
255215	621819
196694	633026
60197	592186
4373	620119
382	559741
86107	617604
85636	596934
70126	596420
32524	572002
58375	539892
318590	627489
110033	650497
152088	609432
15814	635596
15840	566670
244724	662493
111013	557047
66326	611663
25874	655604
36685	562375
66431	599148
29668	562230
28400	576796
199741	541653
49768	537552
73554	633862
18315	625687
77823	578867
99222	608851
49910	586204
10052	554261
18754	552574
38103	549443
128265	614628
41992	556429
60018	632864
32940	603972
202374	611508
426659	753229
231322	554819
36092	581724
32727	597703
195795	640249
428946	763972
369164	699613
20706	537334
12182	632432
59364	567796
155113	668097
38311	596119
84007	638829
68843	583989
19080	612739
69850	594401
89661	610856
35763	566190
144754	603471
40282	551096
455046	701216
43802	583074
426612	724526
40214	575030
202314	573016
7491	533176
19005	583636
41270	574786
56943	572414
9165	560511
196475	558047
9287	596037
20607	643400
18081	596104
42216	608081
170159	626030
27154	600580
57689	568286
161554	601567
194619	566849
195172	646803
367932	749523
20920	620763
193230	636628
29322	633987
240472	572429
48900	614493
66154	638228
199879	582242
64371	613665
456	650709
46948	557513
63934	622744
61150	619072
172881	528848
26835	613446
26897	617982
187537	736441
123929	534176
146608	605353
6557	566935
42885	614337
5392	597386
61927	545688
197870	533547
200700	621218
49574	530885
58136	607542
1915	573416
202702	585002
29951	600788
3708	597236
198950	583361
604	597196
73018	528608
109296	590666
47108	562358
120128	627649
55183	536344
94629	642299
323241	563754
61167	605023
63043	527749
108896	545795
52996	581297
66465	595287
38918	574202
5147	603066
376693	764066
11181	607634
26315	551383
28618	546087
369445	728506
39461	585826
66756	583209
215807	561965
63199	542557
67969	558198
202151	620024
40863	552593
36744	532985
30701	585225
309349	651049
20245	554842
34979	566355
237692	553967
8988	554188
47441	593084
364541	550161
21138	601407
199967	596356
29766	554828
199581	560654
61719	559058
42386	579475
203030	635703
15420	561975
193938	619983
35519	568773
24760	544751
73682	561964
56795	533990
63168	636556
27926	617085
19740	564085
49617	549892
2023	644107
61230	651924
283766	611672
132711	567323
278277	602968
201267	605545
988	646103
12870	595293
152357	631299
193766	532107
6586	593176
43369	594129
24133	573108
127738	534955
73259	565964
12672	630567
75747	550321
34273	590282
39491	554915
369204	719050
250268	662932
42224	561397
25852	651065
24592	585024
193856	573886
47210	535587
431403	691191
63425	619175
142444	576099
40292	562327
57594	603167
46766	600252
146914	575565
67365	659894
178757	647179
370410	705261
200880	598237
202813	568228
141242	560442
2511	596393
69809	539903
191661	560047
9317	623571
77177	587777
2930	555230
370481	670020
266458	655858
197650	606969
19989	617600
10300	532198
62153	527534
14592	590805
107772	659271
194649	658536
66159	548862
276176	748878
56543	637136
196015	557453
33366	615711
432789	745897
368365	759728
255	601344
49051	614766
21952	637137
50325	563610
178146	590650
190000	744850
9345	582833
327610	547871
1816	591588
11744	576434
152484	557751
194688	659060
309	531901
50738	570154
424	579080
11323	573327
48673	594278
84808	584888
24728	612150
8865	596782
42897	624392
32500	611627
50908	535528
428853	660012
41001	601787
66184	531895
63264	601006
56148	557845
15626	574060
96648	538088
203750	592963
118798	575746
194197	599226
43792	619861
95592	560141
60328	550463
40648	585873
45064	580194
27564	547317
228053	559135
27451	575576
36910	568309
103961	560431
80984	642488
126940	534143
155872	641547
64126	536743
48963	633896
6325	603950
42816	575526
39698	531067
41793	656156
29777	594996
66049	580964
84391	608111
69624	612625
109424	648989
435755	762946
8288	608674
35142	597436
28995	562920
62515	590810
260269	583840
195923	565231
425885	680029
45405	600160
8166	615786
370440	754589
198288	568822
60091	585837
203615	655907
120112	566989
6436	625405
80085	583138
54976	613228
199387	645889
1091	538985
86550	564710
62546	625571
73688	602776
200927	654772
382142	672635
2966	586572
50965	560313
199291	631788
10346	542266
129609	613964
62629	569686
415779	675958
65014	559180
61313	631807
162889	580920
30547	533580
103783	578041
16010	639804
1337	530805
86722	660725
12194	540781
16027	531228
63592	638001
401	628076
36238	571349
370349	729821
73342	576538
27289	628835
178424	605816
19518	582801
229894	626855
15082	643836
154119	579650
237420	629167
257379	660649
202945	634870
34815	578389
46110	650669
53353	600379
50207	558621
147399	617730
17967	594642
57069	584945
33193	639657
200804	535960
30285	606979
41505	599341
210498	526713
194451	652108
44772	613627
70809	612874
38455	586158
3176	600082
194922	655410
23673	552477
55876	602879
39766	559738
16686	621886
56631	542372
172572	603938
18747	548800
77857	610003
498309	667419
26388	625720
200479	628282
41083	580041
61058	561932
122612	565549
199330	612837
21383	643197
22105	577778
199140	538459
216765	593458
131098	755208
279422	564412
63954	621192
425964	754745
31420	548694
1847	551445
400756	599177
435865	763608
195102	621801
24269	596425
168959	612946
34321	534681
118439	595246
26639	571256
143988	574789
117881	636614
7228	630649
5545	599138
416830	562540
43704	530505
196096	569660
119480	596329
66313	572841
428963	690540
73429	634590
35829	596981
9489	551073
193663	637905
3943	556152
78110	527402
40552	526353
60054	648121
64318	572691
57910	629569
94332	564290
202008	641994
60265	651470
17609	589534
149031	574623
106275	644373
60028	530690
53007	592076
112012	536178
147298	539777
52320	580626
199970	647096
73911	563272
436179	748225
26473	621743
397509	753874
33971	628010
73317	707783
323842	611273
18779	556560
195701	659993
47754	545209
97221	530360
57040	606082
53	554686
200546	646185
200233	627003
34795	561922
84575	534268
18060	559314
9532	548036
356581	732463
31273	622814
80431	594076
15899	546045
22093	572979
90021	618755
15166	637961
73495	652859
58770	581777
49673	639155
223842	715375
80937	588006
194702	562170
49683	542874
241845	656806
196377	598991
60022	585895
195817	632283
6858	529436
196680	650445
202596	542516
34010	637035
33040	541735
18151	653269
311535	594152
25456	599745
66441	637412
9618	566221
11545	637631
53066	609123
92	533251
505101	715353
290904	645504
59047	618798
194126	561359
29094	583718
192628	761054
2374	539439
36718	566157
200949	553377
429815	712243
65961	525860
26958	579816
49456	639000
20745	581934
42535	620920
368795	731393
21016	623797
198638	663262
44621	643661
8732	545876
100011	539996
165867	640904
52591	548945
3071	557267
170051	620022
195884	621325
194802	585646
48945	537987
39066	573370
4836	546564
133066	613856
203730	607723
45813	630615
61607	595819
43919	656766
56297	590084
30846	631588
18607	544279
203786	618577
20379	539355
137950	655401
4298	537347
198214	601730
45032	610746
17442	578315
30653	641455
2898	535936
25927	575285
60107	546807
216781	547551
23647	598637
69372	587463
37849	551280
51469	539808
84741	555612
346368	745389
12758	569939
272957	560818
66094	534884
159877	585174
11403	660884
194502	653130
94208	561687
9113	553231
46743	546636
213173	734934
151863	641162
73587	613516
24410	537658
9039	636721
79206	625753
194845	617968
61372	632904
365324	567227
4768	644663
144272	559056
33825	536143
9349	609873
253120	617936
39112	532779
37342	567444
36286	533841
199608	598799
195693	623128
25784	537550
204156	614831
210490	611739
91194	565105
151148	553751
37267	543498
202685	621094
72412	602112
4225	638145
76168	533978
195420	537353
16734	632994
115594	526524
201557	558137
59541	554265
44219	573629
705	566323
36482	557335
37432	530897
43909	626679
429296	739648
199484	662603
104142	631096
118912	527588
6926	661226
80389	527327
33485	594861
28756	622585
108317	545692
1013	541477
103672	567502
4051	553160
87539	599750
39601	558912
115960	647405
50503	615425
429875	766130
8708	581000
55953	611857
196185	603901
61922	633660
264630	689282
97108	605542
34878	654934
8896	628336
25550	528725
519290	528544
50745	588444
237417	603625
9335	582121
41176	572732
108578	647934
198031	653166
9277	596606
16242	648289
50944	640642
30612	585251
45467	581087
373564	668437
186134	615903
59437	567376
31650	589924
77499	532563
18029	550422
181736	620508
8820	607665
55597	587658
98463	598536
807	566856
164971	532353
426977	757752
202466	623359
19428	528955
40410	590643
197673	620728
26701	533558
41471	596756
45193	597501
79680	532837
242836	563218
55518	577541
13184	605485
447933	652906
26109	544934
61028	644131
37819	557949
17394	592782
55992	561855
40459	530956
29386	605274
368725	681808
44448	573463
71461	534756
194753	573802
49857	552949
56459	559341
16601	552242
4243	557764
115456	632729
16940	646005
35051	626698
49904	539740
89914	569365
23991	554223
38531	537655
8030	538920
47503	579644
193219	650403
39969	601286
53925	532557
305719	730459
149237	531937
134059	525826
28892	582666
18195	577011
56104	545992
17055	558337
59699	621633
56599	624386
75323	626949
7008	551739
51099	569326
15872	656892
17572	644850
195974	538641
142206	658069
58068	544252
23058	547478
1852	596043
38109	593080
10645	569788
9520	559602
62567	620648
264160	554295
365130	684644
38604	612043
29990	615360
57583	653071
38351	544747
134470	531842
37915	594994
9459	562649
37781	561478
365123	567583
10150	570184
13444	634806
192084	567991
198012	575224
4333	628504
54085	548657
36541	553652
45240	547004
136255	536405
373899	743614
15435	563642
8822	568857
29624	631782
64609	585075
44433	578324
51656	558072
78341	544385
433536	706590
40199	564986
34499	588913
47833	577429
19579	554544
10905	537450
4387	559339
412770	731556
159909	652554
81156	593195
24941	538537
37391	528482
22273	589484
185275	597268
52289	543655
95422	599713
124102	624152
199670	547047
41014	564154
1626	695411
66451	585593
69493	761274
38574	564326
102851	579963
432464	683961
144360	610866
3337	558033
50118	612994
54262	538000
49046	553552
193737	651826
38778	588160
14667	622363
73728	607561
36871	561124
66257	566727
84452	612685
145217	626211
532	567870
47009	662815
42522	610446
63238	558914
59834	612935
55324	597819
73861	603145
102112	528540
105802	546794
69510	540621
50064	575801
51043	610649
5986	560059
40218	564853
42080	599976
35364	625587
57961	605366
3178	635751
77984	605083
202644	599716
194115	619492
65651	592973
65021	532784
33103	545415
51072	620619
37037	603612
1199	559553
370434	740742
39096	551587
15012	631561
44712	584819
28478	571960
200207	528521
388802	663850
365338	660293
21895	581097
20662	602133
31856	568307
18672	580380
204146	636644
57933	551934
89240	620406
17145	591617
55131	589143
47470	540180
42465	534965
62200	634081
47128	605379
65108	526339
783	592707
31525	575523
51708	537065
38508	605552
55020	586499
112934	560861
11631	546321
60454	534304
57772	604901
212376	539465
130366	612616
6299	606644
195856	657910
195091	588186
38518	568852
1464	574223
64084	569428
34598	568294
43821	531706
367936	558741
136699	555122
1232	539885
25310	618829
198959	541258
72879	616514
52712	566794
209767	568874
432599	677261
56832	568471
131466	709965
55061	529381
31987	603492
68523	534095
126869	559904
202611	663421
83934	551857
26289	625846
582	620627
44766	617495
41218	565299
65583	595772
172155	721140
39021	560192
103925	533875
1271	628897
5088	642683
69308	576808
12368	593595
305115	636990
58866	578256
196611	752722
18132	639781
20764	618137
180149	674964
122868	544889
100522	529567
13652	613367
61367	619241
48345	582731
86190	551314
39760	575727
3444	539557
120541	645797
52724	568808
368839	755541
196567	553678
249632	630546
199756	560765
60507	567959
198835	560119
200224	559775
83309	570490
170572	619208
145386	598788
1895	591097
28146	587879
43343	533932
47267	558389
15209	655707
174064	557440
7063	588514
9212	565937
43563	539334
197601	571412
199360	606065
68861	645187
2453	597363
62447	564180
86428	553683
77791	565673
87261	623580
194401	578391
128952	549002
34524	587467
114691	564401
61482	638960
51085	605640
152104	644925
53516	569838
197689	656894
196522	621117
15278	559608
59275	531340
17078	607571
108326	554410
12418	626657
53999	549518
195268	578979
103017	527388
47692	536159
58894	564630
3937	647387
55824	576614
39618	590251
2483	596610
56120	660417
200923	564515
50824	629391
96163	559818
56169	591308
199502	556250
592	588955
59998	555346
55192	631560
91538	609079
73954	624333
126688	565887
21753	645959
368421	746996
63770	623774
65728	558709
8254	540027
202622	602459
51348	597698
9150	595324
198044	658633
8758	548437
51957	578419
218321	612870
88137	547759
10560	585172
88285	560006
54775	603743
369482	730219
289	547965
2735	537677
43016	540877
27042	568946
30464	527420
47074	606074
9534	558898
49922	556958
204224	639448
73536	618147
38695	551893
5264	548907
962	641909
46614	563551
202137	656602
203526	568721
14427	561190
9441	546538
98062	559853
41620	542334
11968	584134
199392	610054
467	724116
19318	589542
1297	604979
96244	545060
34991	638263
60278	621541
87117	598406
49240	611159
193592	633481
24138	599858
108857	547072
193877	621860
66079	638436
198190	600142
44020	651843
118906	632873
204333	569146
311625	599660
61738	578751
42111	617484
200196	648776
46841	537256
52390	615792
58783	570552
62581	615790
283758	613911
202631	637757
139967	633946
196558	646776
68626	562201
44526	599486
35473	566208
313327	753588
193062	573698
2167	587735
10424	599789
54028	589073
38840	527546
1201	573556
489508	676319
122365	586690
4448	631057
370355	715744
369183	724660
201141	622078
20265	639019
46882	625354
33900	574643
81243	563850
77862	556879
2848	623363
10552	629416
26394	606265
54468	577584
65949	614258
202416	549732
126235	592380
7306	564170
39455	632213
32301	542559
26486	596898
65474	619038
160568	597423
78105	550670
31728	529767
39866	552572
28649	573482
59654	611837
91684	586792
40181	553125
66074	603733
203483	587802
30386	641593
30605	558905
42751	585502
41355	615489
17298	582239
62286	541239
202369	539467
6514	626667
7644	611803
65828	628487
76566	643604
48445	666597
37987	542665
11959	569536
63939	596052
8432	543177
96065	570779
64449	644513
46601	565830
119349	632692
38338	527331
40039	611741
39828	620906
3043	597562
58193	609436
465	548314
13939	562734
69073	603104
25222	633758
226031	578038
170044	594376
33117	576750
18679	596158
200755	601075
66761	654512
49410	600114
56369	625380
240112	635535
28282	538643
2730	558123
196160	537954
99515	547521
66278	546618
35415	652192
355462	666877
45726	570921
258447	663344
16135	538811
40747	588307
914	555493
60884	550472
51723	538548
16331	638212
355428	666152
343591	579309
25680	605041
55661	529172
368826	680436
198229	527188
11600	578811
52372	646840
22402	653465
197571	550869
60212	582258
21181	535206
38044	558589
457758	537434
32099	593417
250624	647761
47082	634951
165144	759948
32785	578841
36623	559067
38823	634026
190003	673021
1488	528423
199210	624380
89200	543853
54789	603770
23793	610101
200014	652677
194498	598675
30873	604340
41614	561660
35004	621217
27385	601210
5959	619956
40769	544199
61181	595890
33216	564495
7571	554465
11135	611666
16555	583348
287068	576930
30302	557081
33287	551698
25645	606321
504344	718183
200376	653453
17348	629102
366	584582
46905	553383
67765	598251
248884	609139
18532	527863
16750	638732
139030	582776
22551	597849
31453	532653
9369	542633
37908	536748
203762	537363
29012	539721
59612	589999
27908	583570
43349	593526
38754	592976
147215	630176
19815	592805
41451	556083
19883	575872
77335	574696
111786	593180
45806	579059
13605	543036
54703	558545
27161	587690
34434	590163
203955	605081
433201	742640
183358	729655
72292	540405
86314	549940
1427	542922
409010	662690
31990	540517
17916	610066
109683	544914
116396	611923
20752	611255
78149	557691
58322	550243
23948	557134
86568	621108
11275	614038
64289	622886
435764	743206
197638	662837
338503	584264
81286	580296
206234	533980
57767	588499
18504	562926
68891	546991
32402	536650
118542	542986
40830	575131
199765	548229
55741	532254
193553	658914
31902	610373
27149	554516
10833	593619
215494	539752
9581	653699
122205	589368
193835	628781
202950	572248
50003	610513
322	527674
16793	565383
356717	668424
301891	641349
127777	602324
65716	592748
86286	557086
194827	636984
198906	658331
55798	580747
89494	569291
49811	572310
57796	623317
66215	584761
194037	546998
43154	615264
24059	573793
221230	640653
26856	542896
493	540450
370467	749429
312292	603420
70308	637702
30617	652959
201320	632564
20827	574044
173433	552359
112835	649725
19839	573285
508	552545
434921	724437
37546	570171
10399	555769
59318	535898
31732	611589
8985	648469
25544	546472
60218	604575
54374	638504
204244	637539
122263	722994
193329	533405
28323	550186
462	543745
198039	605892
183570	576951
4290	660030
48254	643450
29334	572710
55139	537458
22525	563404
70684	593032
13709	611700
49981	544900
23095	527125
73262	633693
2392	553628
9283	557559
53960	652975
199817	620258
92009	526119
25862	565077
133375	543147
46198	533701
201724	637489
27991	628506
202239	632465
65799	633100
203846	659760
213170	595109
45664	597390
100865	586579
108218	635479
355498	689607
1855	536296
27125	532300
30492	654886
221340	626008
86653	630074
202464	610641
2410	553895
122862	598643
51549	598147
368632	692998
16720	569404
41747	552556
43690	558724
201705	600838
20925	594235
26160	581241
6923	625896
19067	602882
44093	564264
108170	593072
68968	548214
21274	534350
59188	620077
38638	570409
115275	608814
99714	618850
27790	582664
60557	608598
132040	652298
948	552298
199258	624057
79142	594743
427945	674473
123791	644196
89110	630497
44213	580901
20340	569409
9154	597096
58968	578887
52612	530341
273818	544401
506	644877
367912	705266
200721	624061
203709	537231
44077	598622
52890	641191
131971	595116
46515	569650
2082	539790
355352	704737
1624	566270
33831	617516
30468	571714
352226	658002
199975	642894
197824	594877
219427	594228
41335	580311
431194	720183
373568	619964
331280	525984
61133	603908
324808	579596
46931	576858
194076	579727
11618	549449
245065	638022
45267	529081
1812	557235
10313	576160
49261	540912
42182	628795
37233	556261
11575	589525
60442	620777
196596	558195
43950	561528
67651	555216
2892	540606
199556	580265
22881	573898
65280	546920
44532	640691
57017	581666
50539	565376
20232	572296
8962	634739
9012	578876
40997	529743
156019	600396
9373	569548
20714	600746
198138	662831
61139	576999
28464	592698
196240	611820
26045	645113
34716	593087
4088	627849
317976	607586
19613	562757
32019	611774
45440	619706
55275	551707
20059	565117
426505	684460
35770	620580
2851	538325
201161	634228
1906	568739
106946	573869
70777	725428
201428	654383
13749	563644
62011	590985
193249	626177
27890	577019
368329	666540
148835	532579
369013	765044
33521	555429
765	616565
19028	659416
197634	660285
200350	593542
48859	632291
63020	593309
2225	619449
59242	577966
449449	703428
9235	586546
202667	661891
14957	657383
14931	572177
98152	648512
94421	536366
28458	552034
59448	564075
70412	601248
21680	589251
7730	608099
28224	547067
632	610400
52045	532657
68832	621485
19087	603691
193547	550295
52783	639856
33770	603100
57034	567076
66408	622666
484174	712042
61260	552143
199687	610135
8352	568043
38069	557018
49589	627854
24341	540146
55362	557669
36358	544754
49553	547777
14913	581397
6663	565539
33776	576308
34908	567869
44035	592459
22691	549258
195868	638113
68870	603552
162036	625093
33381	622838
51583	607306
364858	660574
193728	587964
20680	525776
54543	596805
31327	628036
198416	589667
49177	529378
66235	546352
70984	649317
31890	636026
15702	623020
60120	596348
49224	607193
201392	576504
57173	600850
8844	626295
43374	585760
159999	662761
56437	603505
66015	626641
195338	575189
368347	680340
196178	652008
30511	632547
202047	656335
27535	537690
200770	620061
199357	634431
195369	663245
63549	533735
105213	580472
202195	646685
426063	691160
196449	593873
44957	551648
37399	564167
9735	534508
50788	527203
199892	587685
24458	641154
7000	560450
195147	639879
285806	550732
566	571384
323859	582896
12706	572844
58080	562813
32867	655848
57339	599000
41742	538905
42678	640263
197920	690510
117158	541479
38300	599250
60734	656447
9360	614816
56236	565121
24465	570194
18981	603566
101922	537622
52689	605459
37149	553955
62353	591809
13254	602983
66112	540003
57029	610634
370316	745119
176293	643231
216606	649209
122761	662828
16648	527489
90461	647676
50285	577099
33166	586993
15763	624275
39287	580208
47491	631987
195086	593736
8817	586777
100147	559633
246322	535538
230378	635080
436145	709452
77363	597426
75637	573106
8764	562891
250605	688117
44871	645923
26650	597093
108227	573334
118074	541678
2089	649699
44132	555753
104266	580903
131631	552240
54429	528917
198924	662136
53845	607360
90531	550581
21104	532538
59745	624596
251010	651533
202083	650309
33142	591403
66494	531785
60906	612648
71842	581063
62322	602587
9295	628106
19408	623603
159087	679892
200512	629614
56075	661878
52838	629828
66548	631352
25868	609148
66106	583293
24106	561105
53886	557540
367855	733486
59301	552814
429806	716528
20528	635497
199118	539984
203368	549960
197947	607488
34613	587571
23017	615986
1823	582547
19150	622359
38085	560738
22023	619348
111123	554311
45385	540983
52315	544895
35708	552343
169686	688316
193845	591214
37836	526592
28484	575014
56978	597539
31233	578270
61073	597265
203219	648181
18353	569171
9175	559706
58052	554404
36997	624714
284659	621693
194871	608485
41374	530347
8540	533024
33576	648519
61187	616577
33510	552773
163375	647504
58887	558686
186051	557561
128395	527456
48478	580183
125620	577952
27284	533003
33661	589969
32531	609563
54920	533388
76852	580880
153735	528131
27825	554207
44854	528824
71966	613096
148509	657544
44820	622956
45781	644333
34608	640625
197884	649097
20192	605399
121213	560174
46820	589559
65144	639783
7662	635980
51868	552182
65891	637292
51341	616218
200395	577554
78136	554910
27725	597961
970	559971
18539	621816
30881	598418
24839	610199
194176	617819
32036	599616
29708	551339
178038	650215
85047	625161
1124	583984
24672	585511
32268	551378
60601	616010
132009	626262
58615	592440
50606	579176
143327	615705
423172	632562
58752	642173
60753	582134
179288	708873
161292	621162
55568	596310
277	572875
2946	526311
9000	628182
59492	534603
65928	548719
89881	573586
20793	531940
67556	606245
25561	545718
368833	693002
173191	636826
129416	659230
29893	601616
38444	596744
151797	635795
98342	543030
36602	528619
193078	627788
171029	539377
55637	536003
65955	579269
2444	584099
47437	647401
49040	632244
57507	592225
406273	592955
369136	755181
49963	582805
1644	559444
369073	729641
369018	680335
31956	583512
25266	533137
139038	645553
8990	527934
60477	602433
161857	755359
183821	657154
48519	630867
1573	583694
313578	601670
24891	572697
13266	611539
58978	569917
96383	551231
122630	647051
50558	536493
38056	554018
61756	526042
76299	566095
36112	534327
42039	648407
167877	622884
25081	593369
47145	530191
6392	569776
27690	626040
24172	615309
707	646605
477492	633169
10369	582871
17172	631992
275063	603117
2217	664769
11838	652067
55913	557421
436282	741839
16922	556235
112439	564344
28011	572912
57400	565879
39027	589200
69025	545985
301801	615842
56481	557755
129875	555749
199599	556283
62965	632510
237676	555126
247734	615312
20179	617609
9377	544662
31500	591390
50486	588622
199933	582658
17668	624086
46091	642213
7303	544991
44127	637240
214759	692132
197777	653278
73715	563669
25088	579311
38599	558419
17459	565403
49656	538262
19537	549047
57622	581126
162536	553893
66722	572981
32664	576537
247425	601603
100954	538877
47723	628483
22407	628690
11080	551421
20034	594928
140	529960
237295	526969
12317	619521
59397	584197
95590	650008
50534	532781
114402	535784
37108	586970
16337	533200
199942	559576
15087	627396
32412	543478
58197	578839
67278	559902
8983	606358
7565	554700
199667	638656
150795	570439
58316	636007
75276	641082
18910	655695
70296	609466
71916	636543
39887	563879
27737	561057
42967	604283
20957	586794
5268	604924
7801	548787
53633	533085
69695	564618
55010	526269
429787	674562
9467	542742
28033	614775
90473	631225
75146	566613
313030	591979
17152	579524
49060	584077
48849	559198
8607	597614
359071	667484
55378	549154
50081	586376
20273	527707
58787	591623
13057	612342
199031	541340
46663	621705
426110	716654
45788	556097
34484	576924
6085	533441
62442	646784
10409	551463
198218	619651
40156	537746
17580	641477
202855	640587
61048	531047
198980	561039
203717	608658
249471	541948
31484	584521
72141	644910
139913	541185
110963	595496
69647	561832
31040	544357
1924	570647
37883	594847
367893	592119
30119	598766
24391	623831
65542	535199
281878	610156
14641	556899
9016	652231
368788	760614
77365	552127
200122	535584
33682	648734
43068	547125
77054	579817
31659	569475
41569	592301
42686	632418
201852	579767
36983	563567
9903	539916
474703	563574
5287	526171
43246	554868
48388	535182
54097	608675
19499	548404
130989	645454
19343	637616
115754	581711
64002	625971
350964	576372
45046	573921
9616	635967
56165	616901
19330	586925
197925	548425
199223	533462
1546	591491
46562	577909
89419	547137
90890	595969
27808	536511
21608	537685
194048	641269
47058	577636
40708	567623
151708	550791
60686	662674
25470	558896
27185	546922
5643	590138
28051	564480
61743	549467
194559	599785
20559	540746
19476	648316
31865	573540
77479	545097
8520	544298
44087	635527
13138	572012
4053	537521
430532	667564
49387	558642
212951	553175
198660	579092
39899	536250
29424	560964
42000	557619
226845	570247
7734	551721
185988	614271
27654	538633
236	579748
58659	572214
65290	651305
54166	569616
8913	564838
65484	526899
69342	547810
426812	680406
78466	526809
58510	611051
257785	623804
436080	680022
48334	544087
4851	571409
210543	547866
56777	636038
365615	588107
60162	548165
125077	550483
70976	582766
40881	578099
60871	635430
36098	610382
201431	547450
46886	616957
4355	549240
4443	613072
428569	711957
66861	553578
73709	560170
39664	541553
43098	644779
22684	595434
4467	547716
54448	576520
195969	530458
45117	545422
111	567768
202825	526614
29468	592685
40416	531990
195845	534828
163708	602000
27063	546343
20978	527778
13597	606478
6062	549039
43501	578998
114051	602853
31162	565309
12138	639261
195254	643946
23270	560764
122229	644077
42492	541021
94962	581674
25451	588396
426590	670852
27117	554668
24495	529988
19512	571239
37720	551050
77461	591847
76786	555519
15925	541669
62981	550227
52069	556864
157579	541475
40600	583664
30098	529126
10431	534412
430070	680701
43291	597997
203324	568396
148860	580878
49067	560822
71047	615949
22181	546544
198343	525882
12049	583308
14599	541056
195457	622674
29636	552263
19803	623394
57393	591812
102057	587586
197833	642852
11410	582304
4924	567212
22470	628325
1330	610221
196166	656861
193465	661980
52459	550062
30962	551765
107201	600821
9505	620657
167288	659970
28214	600202
13425	605679
70252	533920
74436	667306
77966	531411
19961	595114
64206	570420
12555	573608
94503	532894
22054	528142
62127	632417
1461	541223
427952	676878
37497	537691
180342	548484
51621	611178
7012	616642
6192	620489
10588	528970
61387	632767
368443	708026
9180	648356
132857	553400
89504	544829
64147	533350
114013	599662
76448	552871
27279	648354
36216	538379
41916	595804
368207	677351
100197	557407
203116	630266
76777	648083
43860	606024
134487	607991
15305	633691
26844	582030
57544	542016
6709	661255
470397	720826
47308	609154
357120	767761
66131	551594
87849	547209
150119	582960
204198	586073
13666	563482
51814	561669
61208	541189
354242	701132
8931	552536
4841	567967
11188	545250
66834	604788
9132	577985
30706	536987
63296	529140
55753	603565
61621	539262
154436	562401
162714	719311
136805	541934
139573	631900
29902	621838
173411	656085
121739	618766
126236	600737
368493	681006
198546	628216
26578	552633
4153	621144
153337	551506
198746	640506
237487	563837
200962	607474
199023	564396
25991	571958
216669	654156
66818	544803
50231	565603
36298	587294
353954	711492
269551	557444
147535	658961
8960	606048
45759	557616
30186	586205
194166	530711
25915	533676
197873	605960
42208	564032
198206	562034
21560	557378
2720	598521
50699	530189
204539	586284
66059	557484
258	581957
4236	622235
47337	544003
131176	604968
29662	591585
12066	584647
32575	607671
77757	617424
260765	626395
48432	625690
4518	539499
35384	600255
33351	595272
2656	616387
201777	534118
160733	587905
157996	569959
434184	735204
78877	658929
199991	645087
216542	651890
9115	565805
7755	540977
8238	618019
33537	609485
31148	624578
266791	548440
60193	589371
193288	526325
40929	590841
257	573438
26128	603044
49078	619762
80380	563868
23104	543735
85657	604221
18793	563331
54824	551762
222075	717568
59347	564005
63671	616917
442546	676611
435896	762802
117423	605048
238346	534487
148088	552512
25366	610933
28501	560085
62193	573885
11128	558493
25889	548860
101880	541939
70834	634769
201588	654857
58471	644380
26595	542158
5983	610261
16248	557351
322873	565747
63837	574396
38562	567577
32917	528764
48981	592750
193771	582104
62005	535896
2218	587286
45752	623507
35022	586707
67539	620701
109676	651354
21492	591783
14551	590045
20012	542330
1897	528727
29481	624015
230977	537669
10163	548962
50457	556884
48058	614664
443740	538827
48651	547628
60840	621818
62519	587896
9118	536237
57208	534666
79957	606874
57064	543385
69380	555354
1437	670489
32006	550340
79502	548277
63480	602804
59473	546282
65141	624041
72270	668267
43322	571100
48191	594916
24240	538194
20820	549918
182289	569510
12943	534648
257428	541959
368750	679715
8970	549525
3650	571208
34372	650996
198070	607577
59195	592428
195665	582223
59935	536646
6805	580971
47509	596459
24905	528930
33989	571072
241051	695991
62121	525942
369023	758104
31644	576706
28391	587181
204054	662629
195199	607356
34708	545834
30057	558946
41753	571624
160310	622713
9184	603833
57894	626739
88417	614210
51915	611642
11943	566025
38343	630319
28637	540778
23579	617039
9237	556427
355543	721843
60757	550201
36584	561461
12597	563922
115268	565355
20077	620131
369570	705575
369189	696494
143979	615144
31258	531950
9070	557060
27261	601314
200528	587706
196100	661538
37438	535370
201282	627979
31350	568352
44235	616823
32307	634147
196055	600375
26492	610190
5150	605931
59904	579956
19227	592541
29042	611956
27814	584984
60973	624953
27592	576945
193278	559464
183113	627078
35226	591545
53640	538619
18947	631801
49072	649487
22705	584146
40826	585705
30591	640574
41405	531965
1469	591366
98289	596875
37533	607045
7916	545922
96330	642237
5364	603257
1634	529379
57693	529033
30695	653108
25979	643515
63579	581041
251579	654667
40528	562048
37762	556826
62301	632997
38762	650021
255775	533837
158898	608524
43568	609413
61823	562045
14901	588874
428645	655203
26873	564317
66607	555454
24960	642381
29436	547411
50042	603255
59920	585627
67645	575231
426226	720738
367965	735479
66473	526351
230	550012
199530	537548
198697	639565
56727	575272
972	547399
21347	557918
46977	641013
11281	590196
17022	663418
194422	583841
202653	608964
44308	591562
54190	564595
73615	649957
40642	624052
8533	634331
42273	600258
17802	594519
44138	632842
202124	643586
24742	572133
66993	617009
9465	594831
24598	628914
77637	568320
41529	631864
23178	615785
195245	609462
199074	658486
40570	547016
193850	538201
78949	572752
8712	587575
15034	544395
37141	532359
368280	709111
33209	600602
135482	609765
200900	556940
9715	558502
195467	560952
39243	540932
51995	640812
202292	613803
27051	650253
14719	559527
17190	626929
200742	641879
368575	740102
8859	554156
201593	622971
75694	630619
194229	660500
38283	589092
175484	532907
77176	560415
198567	659318
181643	719116
29519	562481
104696	578938
200693	540348
16533	621473
61473	538062
98156	614858
45197	537890
429957	700923
227438	616177
196214	622643
197624	618552
196047	649167
52204	550906
50469	609546
103743	541618
203181	540690
17048	622696
101340	555011
675	611116
51514	596338
52218	538432
7773	643665
53180	565063
149405	530248
42415	600532
196419	542570
57531	550652
13123	629888
60542	549553
110302	558874
31691	639870
71121	540378
145594	639717
48439	528697
78674	535865
29286	597575
47142	535274
129130	576547
31814	622547
9279	533056
44477	609598
43649	562825
93505	552750
25940	555513
31541	548192
42904	601565
30257	555175
27216	564802
38141	558453
477047	737884
34397	589583
19593	535499
1575	531116
2728	578836
65295	573588
323672	729924
196256	615905
43054	560163
15428	538220
22862	621297
288803	636595
87490	548265
28669	548902
64436	528140
33675	534853
61765	580809
20862	654392
3249	582487
201423	598412
78014	549334
27479	599274
58690	566890
19732	610414
25921	607089
10932	546446
58480	641182
242285	527509
123845	634018
202528	580331
494694	674439
19060	605909
30202	585888
9589	636570
16666	631491
78508	630337
74353	553843
44202	640207
46215	565960
53129	527672
57198	573928
64311	648557
373741	608038
9018	592050
198560	659694
87032	556061
45557	601590
7493	549340
6188	646735
2766	565559
18100	633627
30940	620381
15040	571098
54530	596078
33941	558124
78114	549495
825	616880
8143	546965
13411	530040
14725	583467
201369	617590
77503	666054
157917	736242
119008	551015
30430	556673
25687	606870
69609	588070
69761	529719
148239	585491
33270	536023
43678	595824
47231	604118
743	529725
11750	554490
36258	532922
201507	586119
40564	590701
25787	614594
145086	527885
160826	567206
194146	620321
28813	564315
30242	587866
11568	551149
137390	633261
38748	606253
65406	565778
88188	570871
200760	658853
431057	768311
42565	582994
54326	621257
202898	567364
368304	729842
40558	546531
194936	636630
15820	642362
203417	621487
196835	577977
56029	606950
37999	606038
21620	606328
194850	557041
66084	630087
10898	570086
64384	553948
326358	583263
171634	572540
89974	535875
35123	664133
132526	628119
14907	599783
58188	537498
64141	554142
107301	545908
140265	661486
302234	591352
48876	573081
43968	605043
427607	686856
63246	625989
45624	626137
14110	602772
247800	642542
7693	563136
8692	567242
193831	637015
9684	540713
19175	623959
194615	594337
41897	573100
80893	617347
926	620846
184640	572773
35861	584541
44908	641761
99209	643083
100448	571739
193089	607063
34592	600667
44663	546490
46498	622874
432940	665341
105656	556669
248114	582593
45007	586254
242643	566051
28726	624895
242318	673742
4972	554163
67122	537240
80558	615640
200688	599641
64700	557815
534	525828
35371	632084
23770	552248
31356	575313
226619	630354
192370	581464
149137	585105
56135	662081
55117	559344
63251	560375
311521	660699
35716	595428
113022	595834
7863	575135
51361	633913
436184	709080
324633	621749
202426	634000
126569	661560
77364	590877
187580	582451
491158	765538
10575	569218
59068	637399
124871	630386
214377	541374
57646	564790
37629	588375
127576	566471
253179	617418
17805	591757
28119	577933
8650	628373
203210	577739
45020	582324
202709	659872
46003	634324
59164	635547
202658	547749
13548	576769
202716	556744
46126	544892
309520	596380
23155	650868
86029	631471
41062	577991
367880	532028
35948	574443
286185	595504
39226	622218
201003	640494
37448	574275
135409	608451
31702	604443
217782	690486
111616	598323
1986	637478
23977	602878
193714	646870
193460	606300
42681	571672
39038	561060
166697	743011
196434	640997
8643	583259
195210	527412
28016	646258
14497	597336
26802	572638
14770	634927
153836	698061
170715	648516
203299	546308
51295	530254
6754	628137
181520	558119
197765	581365
47528	617245
31012	561493
79355	574586
51449	555320
433597	722722
64134	599946
17383	616691
27856	567166
40209	609308
55929	571669
31082	600842
47931	575595
426999	706523
45540	604160
162331	534695
44924	588851
193747	567751
197914	610860
201151	624989
195862	630762
35737	546660
52106	551021
239240	550057
368016	743586
81593	551595
1560	593869
29444	568135
203530	558598
196328	606918
3324	536149
30552	609060
1395	639198
32393	573110
30902	543604
45417	556854
32136	598380
3773	537491
369433	748968
42727	563991
63982	614704
369169	767089
155282	608364
73764	593968
78378	569713
98898	570682
358987	564514
203767	556020
177852	576313
24221	530679
63893	560595
193587	645874
195323	659171
17279	600547
50513	577240
195778	600614
3892	568488
66937	594497
432908	751449
223599	623323
194717	659516
18413	654160
370459	742051
203827	656879
1930	592537
14265	573690
53588	619397
46241	646858
57331	558065
368378	747363
33478	639885
64030	581288
40889	544581
66877	614981
55509	534172
73562	646770
37275	549159
32544	568416
24415	591435
58202	590413
57102	573762
1141	619628
16223	622184
24199	597433
60738	574197
63803	535306
222398	553152
178154	588800
15024	597118
21654	659557
8873	555986
45052	544724
103487	568070
63914	534003
219963	600795
202829	653957
51845	547568
138788	555864
66005	582395
21821	631548
68864	615718
51507	602843
62638	645845
203441	600984
64989	571743
37670	554254
50092	581767
355250	611885
201605	632741
198609	631312
27838	559760
14838	583497
202781	622440
52490	643626
195753	600739
195891	631942
369143	681200
193505	651662
132047	652867
14536	613940
428970	703680
63098	577561
39392	582768
3252	574554
57589	531616
256235	581391
94273	574441
431784	668486
11001	541393
40277	569751
42956	636569
2811	658459
368372	665479
65320	592882
34862	583093
18829	540889
52083	535505
48527	565713
28166	579574
311828	574307
66631	597053
33728	553385
39368	556645
11684	574083
48069	548253
132496	593995
78362	560995
49503	601432
415051	753324
371437	676616
193352	576077
44492	545837
50732	608135
57092	597204
35490	607557
657	625566
58301	619519
60465	575297
53305	597373
65934	629044
60767	635060
226400	584356
24371	622597
34259	650076
40806	587392
22205	626850
80565	624395
132024	655107
5300	666438
36845	570120
30718	577430
6707	591877
200784	581333
32040	576825
227309	651331
369493	712421
31245	549492
355435	685242
42637	561496
193943	621200
17028	541889
19356	548760
55229	589102
25292	582186
63257	580786
33627	627471
114340	568632
56532	608442
16693	532585
21155	529264
158023	592990
8627	582291
62329	602944
22717	586020
48828	563878
64929	529077
199303	626066
10720	576345
90695	575944
216801	535693
52399	532880
55285	605855
51119	557193
197865	562092
15140	589686
10735	555632
194519	654556
194309	633588
377890	646465
60949	570033
38255	583674
432774	708230
49323	632973
43135	597927
65006	537958
50493	573765
160622	648301
159785	615502
131719	583503
32804	569464
10156	565870
63162	592801
216794	614779
40237	594276
7963	643855
31296	644242
58739	567333
1989	538203
53359	593766
15757	648851
327	652871
19976	555421
27973	572996
77557	580683
33708	569270
18433	623599
1955	575112
55986	638196
70921	571427
50048	557879
197806	643159
199679	597223
204227	587403
17512	541300
17819	547788
18093	538580
52253	632528
95949	558829
400936	716027
16078	561834
8704	539008
52162	571795
62663	557288
370473	756833
79000	568568
40813	629253
70336	576922
430099	716400
65902	532026
38357	575713
138834	598492
122188	571414
51268	556367
38031	596359
37598	630662
61342	612890
1934	632836
52526	641225
2770	570995
60486	651261
39871	591909
25216	609351
18087	592097
20428	618895
368395	733622
292779	652777
57426	583701
60985	551199
66602	536126
9078	564881
202078	655242
39678	565346
198279	639979
54018	597179
4400	548935
48426	569197
56585	558846
195017	552120
29261	581610
77367	554603
237521	525858
175761	613347
127888	665597
126336	526179
40984	542562
21717	539593
101850	632922
60829	526843
106031	570211
39305	563500
260775	539385
56010	575119
37617	544557
39845	602780
143002	620270
73549	565293
358574	734251
15710	558387
18323	530964
61529	567973
74727	610828
286	573167
4380	596770
100190	571428
49816	527838
117070	550511
57058	590450
21574	607396
425944	694254
4521	535999
14951	607715
201071	631367
53879	644217
115584	613541
28712	587691
51803	539624
62242	633667
159678	615054
106150	602343
109713	624341
201879	547351
194930	578561
365729	640220
47731	566193
38076	529802
117	567840
6165	591714
233768	611971
21581	600158
38426	547758
240778	597270
20545	654092
59468	531468
151076	581912
60321	627099
126577	591836
149783	565343
30479	587526
58642	529359
101189	604189
29357	645439
118838	623073
160032	562620
66244	528096
196280	656613
426117	733820
121292	625022
16300	636762
32923	554112
111590	541812
438	599779
237286	641992
19189	577676
65870	582157
47122	558936
193094	644879
36520	631230
44864	561103
53969	544228
201978	605159
1325	632442
41090	555897
9357	565453
44483	642099
101855	537057
278392	659315
133950	555760
201109	578171
29060	526803
202013	605901
64090	568249
61651	642389
56914	579632
39385	556851
28133	562886
72698	631382
115198	604099
13470	606899
25485	570295
200885	576897
198655	662087
487878	738819
216695	618204
31789	570316
22452	541791
43796	539441
198367	610724
270228	566339
193103	636985
28820	554858
40906	578488
28028	549677
51750	529420
269525	629641
18650	642962
163526	534915
138048	569299
62186	603386
188877	610320
121759	552642
43257	590203
2216	579102
402552	556788
32264	595430
32609	579724
58674	553899
11114	558252
364603	587566
79372	545987
126660	600014
50725	544057
49279	608689
89662	590455
33557	636485
20104	531265
43139	641127
9303	583758
6318	526486
1309	638710
1462	656840
193558	571782
61974	607446
429254	675792
355474	666803
200860	572763
51637	565834
49250	612770
22029	560232
238650	594475
45128	581054
199657	643820
120376	577784
294824	558451
45429	554399
4965	589634
502729	706608
71082	554565
59776	537128
20356	531720
457191	622698
86440	564033
99437	595516
30758	579278
50780	535301
194088	612436
201514	623949
4650	541815
13850	617638
53264	542482
59644	633639
1000	591355
20185	587026
53333	565623
28859	552746
279950	556934
28411	542503
194483	555368
86302	584898
221508	617114
174671	532035
100972	580012
2441	566514
3942	540945
42917	602211
287850	561434
24482	619088
197686	603281
18473	585772
213285	609012
22955	591408
154301	651003
16091	603028
41648	625097
85816	552116
66284	560684
49786	581008
8875	536104
40484	576014
17437	586702
18592	555566
60824	573584
27796	572431
2813	537943
28084	628341
160844	657760
370310	692296
28604	611733
165972	553811
45656	587329
49018	562388
61408	569564
8680	537730
26269	552653
77359	553147
355384	665711
115595	588293
66688	654637
200993	590249
60311	546059
84949	586473
88520	608353
120870	620670
33515	637994
59041	575349
78099	558573
93697	568588
297846	535703
84973	551605
202066	567277
185438	599445
43643	586721
49333	572812
193428	659300
53343	624461
53536	583369
3628	566685
66568	570623
15573	544368
52325	626167
73806	562799
199883	655467
35775	597596
1681	654209
16988	635251
24348	527087
201097	644128
33907	606857
44177	606573
57052	610284
54969	646449
198016	642107
194410	587358
60430	536120
38568	575117
51770	571765
393780	556447
9093	560699
48037	551394
368915	650054
28909	604973
358775	605559
202548	598145
201781	659554
133717	533768
430386	728452
18497	654256
77366	584181
220099	568357
105638	537105
114236	646329
200056	637410
35967	585641
160895	642491
196148	531956
88178	538318
85482	616044
203342	632478
34537	660421
193795	596625
54499	665733
1834	654422
57296	574620
432748	678230
73772	603724
88279	532452
200835	580238
214216	579792
36350	547226
224101	588119
278764	611513
200370	575485
199312	638287
81045	566335
69717	592557
32560	569192
14118	569509
46805	579582
7118	570721
47156	544739
38970	578427
67373	589823
426773	750358
195097	636248
70056	635843
427561	677659
83563	567766
39451	534352
194058	642320
198902	537295
200599	647983
195290	648470
8728	612593
835	594629
10993	583606
51354	605618
61281	551353
202999	599699
34032	650771
65401	594263
991	655043
26204	615220
43882	630113
49007	618434
57512	551273
196299	605655
59734	568091
54369	678886
74159	598779
77849	540897
16215	610259
355481	718511
107803	547919
92800	557361
65972	582545
66660	590439
368807	726087
285480	540814
247555	616644
9941	552220
471829	760786
73578	597294
51687	609182
174189	562874
52379	626552
107165	569903
1952	596590
20447	573251
50097	536970
13309	596354
58793	615651
37921	572861
46522	646535
54635	571576
185148	636139
59532	618487
52508	542758
66122	635480
19402	631664
4962	569784
182352	600295
26555	593146
198822	599635
48834	579848
15497	632183
18127	615258
203004	626693
17999	549004
45474	600906
200103	643914
47407	532810
21971	631467
57224	604809
204109	583484
9047	558240
58412	580367
426102	765514
7201	553283
202232	532519
126586	637974
133735	534213
200906	552165
203799	639841
200954	541376
56363	527243
1098	534939
26914	578247
63882	643478
331614	564293
13810	527688
194735	650332
63070	585311
30363	560788
38368	590120
51134	616458
204253	658036
11609	616495
41788	566132
198376	613026
55816	589491
203996	556385
13273	545735
91327	569076
64168	557742
165960	667860
151737	708158
46097	576959
14469	531761
52437	583215
226996	557699
53621	626475
101909	537667
39950	527532
203429	560454
14393	556996
176154	600999
199404	628679
44189	624770
165935	599400
1211	603388
198026	589183
19195	534073
9762	530016
126561	629489
19446	618910
11036	528249
31007	557448
58575	538953
123805	558910
201114	590826
30585	645027
198265	631951
203794	600177
9767	579939
10867	626159
17863	570616
92422	544271
26430	578465
94500	602444
32488	580896
11955	553539
9311	614624
77468	543769
193630	584140
27802	545195
204001	548241
34890	645361
4935	622699
285795	575867
51499	597456
427931	722685
82673	551807
198423	588222
202483	543113
25438	618049
214550	548594
433011	703438
55198	606912
60819	638461
202003	761442
3379	592880
38827	601704
34586	649305
32639	568854
28191	583101
100710	555705
73505	638794
47616	626686
59091	543710
497433	557368
57110	610612
37180	574067
297057	603898
6331	599221
25768	555944
37774	533316
56967	586713
65751	627737
84195	531569
86506	556100
119828	566059
23325	542901
13722	573955
32592	584836
8551	602848
222388	649099
48181	622985
113423	584352
202458	606487
65831	542815
198371	629303
368220	756506
263621	591445
369129	744904
9285	561222
425807	731510
202964	605604
14525	550508
22129	571951
9068	565642
119253	555308
172026	545257
47169	572479
379169	616987
26442	589056
35400	545317
270756	643447
32444	563452
3733	657848
17009	662236
102917	597637
107771	642378
94477	566941
153443	533709
30440	581658
43175	578686
241067	602141
200032	660882
66142	570473
19434	611058
31685	631902
28838	656135
49932	566271
199715	653258
377659	674499
25933	577202
30162	563347
34058	557070
7798	651728
37862	564647
42230	541320
53277	620079
432809	757081
122218	641217
13837	656044
368299	758067
45246	580129
199124	579622
80342	564959
29964	588645
27766	615919
7952	544929
11898	659707
87847	617162
43104	531063
49821	607457
66895	564788
761	666248
22538	638982
52544	569873
59725	611499
39082	595866
29593	533260
21785	639174
41491	536553
43489	565618
20786	554216
135275	648974
21242	640605
10761	558295
368310	704154
446	551962
113041	545708
368532	700525
47568	619530
169964	606817
65153	629345
45698	563649
30734	539921
22352	537638
199588	636552
18236	633057
78613	649430
99908	536337
281701	657242
62274	568271
62738	557325
61175	555030
12576	526008
13534	564232
162758	668121
112122	556329
100578	637910
84096	529828
224468	610322
202995	652775
203496	556079
136464	542883
128769	609931
9072	604817
426634	726321
36866	545702
10530	632367
276	643642
87422	619855
7327	532831
37484	581029
133603	543343
16453	527487
56988	599803
92384	618832
32960	568302
461368	675559
13922	626114
59341	547032
17234	651609
48912	536199
46858	575905
101281	648102
7595	621041
43145	590888
352116	710181
251170	607496
128629	572800
50443	598782
54277	636708
34253	535243
3025	660323
80355	600675
201434	649123
198619	531043
55402	572918
77818	589630
200165	561517
9461	549421
93069	652854
193145	564041
5322	566899
21111	582464
34174	569617
432927	743416
75273	568964
28589	574744
45186	547038
4103	545874
427957	587222
426217	696488
8730	586077
62836	626754
52639	623781
198897	556738
31979	552527
194738	650548
9403	534027
194712	581438
33884	575962
75582	560152
40351	538161
6877	537027
61422	620369
78280	577574
9607	579223
189742	643317
62337	652104
103757	607394
163503	629140
290304	528216
11709	596219
48784	636022
37933	586440
29275	531360
60611	610043
68604	609017
161880	539436
136895	554467
126528	538557
39856	601219
349176	672820
4927	564537
13961	548333
109081	582643
357152	757524
33528	544107
32142	593389
86822	607358
77800	545836
63281	545777
75535	602867
57745	570271
42962	553234
225306	583776
38502	567680
9126	636024
74554	629112
202893	554831
18712	615870
195129	633869
65040	570003
98911	573234
202438	650688
62974	547801
72090	558218
26514	548555
142743	604171
22109	600226
1076	588859
10042	617103
101844	536961
61019	580384
52955	649566
10545	595156
42812	621919
62927	625137
19274	623298
203257	635115
9010	596713
1677	605672
145557	630600
83531	544966
23341	566579
41195	574282
255485	667628
198061	573464
55309	611173
49491	588311
46328	582467
80847	566001
56427	528148
6864	597537
195403	764481
73831	580989
444776	591823
57762	635832
65042	609713
98902	531342
23964	544131
4095	563563
17730	661003
17896	609945
93812	615001
193391	587812
196454	633668
193374	642405
38644	579761
56130	539312
365019	676183
41044	581132
44006	583166
92552	650728
49991	641152
75691	643574
259193	575895
31971	565675
200979	570894
56469	601449
363241	555208
8855	567244
57524	555963
38647	536918
203459	640282
201075	587827
24722	594505
220085	649768
27874	586122
351039	725490
33615	599114
36630	558488
306245	534521
431093	728423
248930	607014
132644	662698
13803	627638
43869	554011
56931	563236
165569	556326
66849	597909
429432	715339
289381	635656
435189	559523
59569	638990
52599	631665
32797	586389
145543	577055
17723	648157
56693	557580
77544	547457
210486	650655
985	649847
8746	622735
46854	566445
356311	709877
2086	627870
14387	544214
32633	621603
201365	630193
2724	555013
201362	589255
2937	543133
64458	594306
60939	590037
39612	584111
6665	563929
212785	611925
199911	632099
9742	569240
57214	575814
34215	545625
37370	615222
17314	589818
19845	617861
65952	581781
203135	588780
33047	552607
248935	628333
80901	556735
69771	650261
77828	533318
198338	645657
60701	652780
131729	563794
151324	567858
55837	586139
200609	644552
119792	642955
197757	638338
39051	529576
8941	560551
43767	592798
202434	553951
27666	613885
63947	556882
196151	663346
195319	541468
198601	637825
429266	677410
90363	667222
71396	592183
64867	601208
8702	560710
31204	649752
40085	598456
44261	597409
65360	565389
18461	618374
1500	538274
1539	535679
52702	529919
7551	608061
4160	550099
2533	620230
38333	631762
426079	711584
34092	621931
79210	625984
62162	573721
50642	559432
49780	611586
55535	602138
355532	698001
369507	767885
202889	648246
38216	539221
160142	537326
32148	627653
30346	645105
13993	539324
35149	529741
20326	638231
28079	553700
1143	559186
194545	587850
30229	588947
40490	556157
39533	626349
194563	565803
199289	559333
195358	648640
37734	547309
194786	546849
190310	555818
11195	553784
55458	528966
65985	606934
63375	608805
53442	540899
56514	538327
14053	588614
50179	628981
28384	574063
354380	766123
6648	618652
53053	588259
198153	617374
44378	589515
65885	635697
157851	661910
42087	643282
69164	548289
40918	578425
501999	526638
39998	615185
50221	607831
53110	593260
355402	557483
28358	594482
50245	565184
179359	560254
49949	532190
61015	529087
34422	616197
6446	542245
237176	615798
196439	657675
383101	693990
120750	540510
42986	551846
62	631895
169653	609539
368671	767571
334682	587264
31228	647040
201870	587880
159992	572612
199446	534715
194540	565876
19046	614094
49428	539794
14579	576974
200420	630412
193357	645243
49487	608714
79263	563531
27205	603866
65336	561482
202953	546644
195225	582898
62621	625055
26574	533681
135746	550684
70696	531041
58239	584940
75285	565502
179466	573093
22948	569114
79631	608321
28139	562674
133174	591278
38904	599603
433310	728574
49526	638623
364826	564993
282599	583649
28173	628750
207553	630358
24698	587807
57448	615369
64764	593150
204264	529984
38176	534258
44293	645112
58349	561265
127562	533995
55161	592671
7249	563401
1910	626773
39247	574006
116752	625963
19586	601526
33563	635859
10925	548166
31719	571110
33955	629283
362749	761519
195979	577200
17367	553878
24311	533190
20027	653113
194909	635985
41150	607226
199395	634954
14433	543962
431087	687396
77438	605270
23288	595559
184357	660476
84237	626129
2498	642417
22888	578509
13947	641390
19655	638983
200592	600554
198049	548905
53802	598143
196323	589391
153413	583009
1136	598214
36016	531836
94234	563242
368851	756860
17108	621987
21327	599371
9889	622111
10291	589322
9082	622733
197723	578723
427646	672465
74101	572109
200326	557164
62144	582572
216719	615733
201543	591964
15695	550291
140888	591092
15548	611701
64073	551803
97243	599092
241329	547931
115811	585136
78022	554862
63361	589639
61683	629951
39158	557095
12102	653393
188223	555796
50627	589742
57639	588000
14732	614579
220414	616402
62469	634396
86432	541137
58390	585761
29116	559039
45211	615177
426607	695958
148173	593278
6668	573788
45890	599507
124858	656080
84799	552976
42694	573446
44944	617125
29186	595386
9395	555497
51407	602029
3897	584500
85763	562344
44412	612921
65815	564153
196590	641394
51261	544440
199574	623308
65159	567591
55165	605131
216714	559483
196652	544981
39431	536995
247341	635113
196513	653742
184299	740790
28983	623340
13483	597534
2371	619093
39718	573236
7970	608611
207092	667686
263910	617301
104689	547154
223800	578640
202386	645999
39685	590215
32697	528889
60572	582609
196599	543445
227977	580592
53435	605394
78916	589415
33919	630849
4311	632727
46955	632393
94151	540703
411374	707937
16933	616744
51326	547267
77196	533113
9341	565516
87242	639053
401777	558142
214215	601863
186393	558817
19913	608476
37686	579201
69797	583048
12087	545609
13398	587011
200619	654627
50633	577958
247390	637289
48499	651463
137335	595289
8518	590587
127463	631847
199180	615546
62745	537832
29839	607451
46046	569841
24247	566833
16910	624179
30182	595502
49168	594597
196066	654098
99725	550487
225523	636457
200507	586974
77955	538540
26277	533917
36059	531913
55240	558784
73024	548923
79656	639382
9241	632792
201478	661224
76978	564832
55610	577493
7870	625333
43168	614709
17857	559712
7489	560205
63118	589314
58208	574858
11806	609726
12123	570920
87187	603596
147910	539534
26170	587375
26644	583794
77512	587587
34848	613569
301795	584657
38249	596812
44522	558365
6390	662931
9463	560920
61701	593851
118910	529119
101660	562456
62207	568478
57950	643591
8107	539810
1267	547853
196544	580081
93372	528774
39139	535169
7429	616833
32855	530889
36372	548448
39089	533238
34365	528911
193490	538182
432239	672045
48824	534202
32111	618223
25952	560741
138890	619696
26829	595992
34331	537649
9450	608450
98154	542612
2506	561339
50158	607453
165586	658260
45711	589903
52360	556938
197899	655186
11055	573338
43700	549065
48151	539176
22842	537772
48278	645389
202680	579450
198321	575495
63398	601652
9530	603594
36335	585796
10815	553356
8203	654242
63339	614895
66865	596653
40742	642754
32092	631820
199737	576093
14369	642777
9491	583122
249467	618912
91006	570819
42237	657741
133341	611548
63640	576136
368641	752387
34099	555050
38926	586890
194314	549199
8469	616426
18067	566655
50591	610992
15913	536780
17783	600456
89975	599516
5283	529300
42880	583590
26302	603499
116628	604407
34063	573607
74074	614011
47203	529834
73309	528026
65804	574029
29650	532251
60935	560325
43849	625823
335059	738976
7554	586730
203625	618224
369463	712570
70349	622420
196414	565877
198840	658644
35342	532871
167561	581118
430111	707590
161332	557948
98865	575989
27268	609813
22299	544777
54722	569844
24100	562469
16654	576010
12534	631956
19183	563045
14860	538822
35541	577001
56936	596222
39292	534035
116359	593939
216813	557749
40609	581733
1470	530201
36553	646733
195905	570365
64796	729731
24276	538934
5814	556917
66580	580691
57477	532000
429312	645491
41160	560080
415970	719159
20642	579971
15126	534315
57656	529962
100084	602250
14821	606750
81110	531188
77703	592020
759	582932
199995	638787
52444	545179
143552	570422
4013	584656
60857	561002
80746	567556
52843	545262
33157	634792
1116	624901
193871	635880
53337	544118
28582	610240
30684	645738
39529	604772
65439	561277
203224	631556
32564	583998
202705	656776
40008	584064
195717	604518
195196	660480
200551	553891
40800	558491
203713	590714
34738	599688
62422	557462
111419	650648
52347	596308
67203	562973
105013	648957
203063	604909
60762	628777
77444	566137
114243	633115
139300	637375
11385	568415
59131	647939
115451	569890
120334	600615
41640	586173
44648	635651
45650	549186
132345	545226
11990	620017
194123	571675
104240	602808
201081	627432
39990	557767
199052	628040
51927	563169
198313	662454
38898	533885
22627	646263
9014	621398
50296	571491
372869	622500
40232	563419
13170	554337
13206	576083
74875	577704
37173	539672
8510	657887
252614	654732
201323	640771
32504	623932
6301	666397
3658	555724
46982	604032
250289	652566
199326	602030
65527	567389
436191	724060
9274	619835
38677	547430
56920	540893
55158	647019
249948	555362
21553	639320
29198	593298
49610	568119
200575	659363
3630	548528
12387	617461
79276	526506
196644	654241
46272	543412
45606	646286
398611	634503
66985	563087
1128	625810
59525	550717
28846	569589
201232	543733
88357	543153
336910	648863
79116	644757
60095	555446
37573	580883
213070	551864
73613	616156
9167	619025
70621	528996
435920	696703
143638	640290
21460	574851
33019	543212
201548	632910
43662	531257
25692	622207
197792	649137
33418	595341
194098	633197
29031	540165
245087	591955
50319	552677
13177	611047
365180	667759
62768	643126
2282	613221
142767	546907
158151	656818
59097	600977
37166	533679
19572	549690
111395	542982
166487	650587
48936	551385
124318	656762
11073	529179
9487	554354
44516	634512
202184	648156
54505	652755
428716	759495
368323	722778
202214	605570
45544	541272
372800	755971
42546	574525
26811	562404
110427	590546
203945	632470
226593	648227
145101	652483
43195	564918
433109	678345
1269	615682
36205	549297
56181	541523
55959	557052
201156	639950
204177	633702
159271	697421
12693	571584
167559	567961
183697	656594
94256	609425
2	581962
28127	550154
139502	545244
63675	581718
194252	657771
202520	653534
217030	591894
49055	547070
63611	534222
64260	644542
57194	660114
25477	571961
122608	573759
62997	590889
194240	659652
15827	560440
387204	704942
435931	749610
118218	530764
3066	580345
59564	530199
194382	616985
37186	546038
4726	572727
48708	533245
73387	613570
262935	550773
66598	581580
68853	627056
193810	589761
86502	664563
47136	588423
58263	535079
198088	649733
146469	657086
21188	616337
30323	560572
248375	612385
85291	530271
22609	601667
62076	584224
362335	665946
260758	617084
86882	544242
25846	569103
196902	551887
55373	536633
181709	554961
59159	602782
1494	665119
45513	650651
111203	529408
59659	552942
198864	623064
34700	582729
43073	621046
4359	626620
89664	630241
20021	566673
49748	556407
214979	532890
51663	571424
193245	659620
406085	542501
5369	625564
13078	606929
62225	627811
43668	599791
200295	586506
200969	604023
32769	632306
11640	549983
3330	562979
56492	649348
22986	606310
35702	530729
203870	588899
16446	624478
374927	675195
28519	533563
24334	540685
62366	626234
22791	588294
59954	576679
194901	611155
66308	528951
355245	647622
39549	571578
11016	528844
41960	578776
49235	573758
2776	543859
15349	632517
47683	526594
366167	628153
194065	575947
73856	604917
40575	589210
194273	616840
37428	592073
434581	754394
54115	598931
234997	624133
42576	549079
116303	699793
138678	526739
53206	648490
49255	579890
59555	621165
58433	629310
197557	645024
125066	574683
369589	702867
250166	601897
114955	544968
52412	636833
329848	541004
203859	655306
10040	642460
43507	567790
48932	577080
33319	539254
4743	647276
53864	625653
429830	688172
197966	661517
43327	562213
49797	587759
367972	732323
204042	660851
39151	547319
65781	558929
19625	603115
145410	632696
11237	647825
7669	585287
58845	645096
18741	618568
30436	618519
9486	546809
176932	596156
102853	528325
4286	580488
43827	555243
296857	616545
40847	582657
69028	605497
195734	626980
91541	609118
9642	532281
6807	585678
17750	532536
112104	543815
199696	658406
194991	632390
18042	529870
67015	623458
77228	570245
43582	571660
203840	644275
4802	565027
37869	530632
9087	572895
38233	533005
77540	579123
20225	626989
66870	617564
17743	631851
20655	578806
193364	532206
196464	650281
246113	553276
26498	529657
18954	650098
142152	561649
507	526584
44834	623606
194765	585938
59497	554731
8754	547486
64021	619619
39275	538238
67250	540484
42799	598773
260733	652745
159165	540565
29209	563211
61377	531614
195900	662681
5985	576246
42709	575621
41902	563544
258991	616798
106355	618309
66920	648292
15047	619857
434176	688332
273157	527578
38204	531169
19687	559388
23899	540593
111465	627666
193742	637379
199285	635501
198009	567683
12094	579274
35287	582403
26504	549984
12080	657620
26818	581798
37813	556942
433517	764891
96650	605643
35849	542096
55780	552295
85408	538041
53838	534517
2229	572629
91101	553989
91398	643773
201999	629227
44741	566619
56892	579676
45983	588309
23041	548592
133225	542746
19524	591911
26656	575335
10121	661162
75423	585062
55079	563291
124666	578239
32738	646374
196395	629296
46783	563006
19877	634427
502463	752810
55773	585800
8927	538214
203503	658243
10044	587332
8883	655742
203376	528643
35910	598934
14477	559318
196656	541716
4197	547211
61597	627214
31597	532321
426846	669912
54412	665593
333391	763159
233592	555276
81062	557710
36143	561365
70454	651585
1273	613197
8234	573839
429974	682306
18644	567336
30799	567529
255302	683024
224956	567200
55385	574350
17034	620494
77375	543118
246521	615266
23002	634901
216158	571848
234888	647552
14752	593014
809	539137
201312	634509
74199	537840
28654	533186
46477	615532
9327	605447
137703	588154
53384	591849
59855	539246
429963	757916
39781	592531
318557	651113
362030	675570
212643	610606
203978	552187
196553	597886
355276	611360
25100	528340
201915	644167
316379	667536
27920	552856
44511	557537
200272	605769
29364	534917
196628	544059
198955	674984
197621	639553
1741	611615
18786	548234
55769	590859
11142	574423
435369	670691
51255	596242
9152	532814
196482	585412
276356	625662
200469	543768
74684	665715
63664	613667
40942	583183
729	621475
199160	552847
49846	538726
197576	604839
36329	614771
78759	531371
52243	579228
47763	570914
201008	597351
34665	573582
25346	598629
217006	581584
59666	538287
31132	645678
430090	688483
127470	632144
39281	548724
194190	652103
2278	529128
110783	549407
204164	590580
203675	558265
6303	629216
39033	577691
41626	602104
42281	540288
226805	645495
41673	604669
427	570208
113735	531759
153365	617836
53481	620773
200204	557301
117572	571563
195052	619572
193598	612143
460	578493
29918	562741
198854	659930
7020	533026
21937	593668
66656	546671
191595	565551
39964	618761
50007	591950
55330	593750
73899	536912
10437	534925
65188	540846
62050	583657
72515	556681
26412	590863
194257	654723
131978	658586
201519	590180
199230	646823
9401	617368
45998	645763
201885	641579
50239	584126
145067	566159
101927	553524
31784	601324
59926	597956
1800	601545
74579	572439
32690	530877
28885	564112
28253	587508
68521	566663
201836	610738
3488	559514
16004	637691
56089	593880
114404	634260
66064	585939
18995	649273
84389	573666
352393	599307
59101	557293
39571	548413
203229	651872
256425	544521
21254	571059
44676	569954
35916	526428
64304	593251
65991	624309
198508	580232
55369	565923
429389	764674
248849	639210
77358	533637
72542	534991
203542	641708
38275	642066
50204	563570
167649	573190
63112	623735
91	542039
382584	597182
36280	565992
84191	583501
227636	566825
181323	629125
33965	601929
368844	712170
202839	629045
139758	596543
97944	562519
133286	657016
203202	660116
785	600415
18685	609502
51942	547835
53232	568553
191200	577946
63467	527959
123518	577044
15789	555755
120647	551183
1959	614860
36175	546759
8750	595678
65500	531299
45775	573450
226062	545850
161941	548654
197905	651571
505853	681469
134315	617918
20949	599900
37363	530563
34304	580513
13107	653857
8756	658370
9821	622134
499875	579213
1074	575651
190941	637364
28577	546232
73759	575210
18560	612019
10486	567268
369093	766799
17768	552575
50213	546898
27492	586147
35988	527503
59987	605401
62015	591483
123441	596404
51694	613673
25279	535365
195739	636856
65480	594565
198347	608346
41188	621741
203475	598697
77525	625654
32313	576448
5543	623627
193776	599403
49840	580631
21773	600621
203552	599466
297288	616065
24819	554079
18849	569203
9405	548175
150823	555313
64	557383
280821	583522
433003	689136
323479	603561
128667	602764
440204	605011
147431	573624
399625	586452
201206	752406
38148	635038
62802	602361
55748	530989
16503	549645
6884	578326
27718	542510
459580	686582
39642	566868
50060	583155
63875	609679
37702	532194
299326	537005
296964	542354
95206	554005
99879	561138
199720	660315
44225	604828
89525	527031
75279	608343
180361	577041
133487	547934
116159	527182
198605	647648
60437	639329
32978	541422
9290	582656
64413	575141
368732	747536
201649	642602
35782	556017
200672	630885
7797	655481
8939	634084
17464	552807
256252	581205
212100	552223
44299	569809
31871	576354
75720	630444
12655	550742
41703	526512
4561	540928
13915	626643
52452	602450
514845	535136
19820	621170
73302	616059
77269	583691
12649	583239
68389	578284
74080	532266
86560	526618
90677	618145
66637	577069
167908	607552
27946	572627
202395	651712
199595	652689
291	566582
11161	586135
195708	653226
199243	538499
28340	603827
7268	652219
1832	533068
15998	611595
10011	572212
56659	555531
2356	541336
8853	570206
71188	581038
35943	551084
76625	579149
204618	530179
197663	552656
52272	636159
265218	630505
153675	659614
49102	564097
196525	612425
12234	628199
50438	614301
194626	638386
52787	593385
106105	564812
15606	571167
39893	589330
143616	558271
41256	625484
42526	620208
26322	537681
12348	569900
10939	608323
8	589505
199114	654066
12541	530325
58487	616282
6306	546776
47090	540635
32906	531716
19606	596950
101755	568820
87145	579008
393755	560145
34647	542481
116846	582474
72410	533770
357171	758788
5026	610810
116559	658163
57670	593563
48466	579165
74035	658154
505851	687673
22241	546100
52247	610121
58523	567625
80595	578344
194660	753316
2305	590500
30460	548784
51313	562329
14289	576167
195782	642455
10385	620187
381434	550686
198438	554309
194235	610159
14233	639421
15232	602985
73634	620759
201629	538027
34465	637088
202639	629431
196020	590270
64025	563527
15054	593509
59423	563969
79327	538947
87240	558447
329302	611911
73037	620038
64267	536084
67260	583542
99837	604199
38063	576967
61697	532525
17832	606921
48891	588681
145679	589927
63439	594427
51319	587538
9507	543573
80002	591144
792	555315
94592	576192
26751	610036
61891	644475
55318	612901
126638	590691
54183	586256
103319	629617
469264	665217
29872	532084
60062	565985
22	551111
50583	540277
51244	570458
51064	584152
37102	526763
195069	621911
35730	557692
28658	557471
39793	589800
56741	628205
28748	585300
44499	583473
255050	651698
185978	562655
200675	653156
135184	554448
51047	565307
204125	626056
10809	610279
132134	621131
1158	561403
51154	577476
300719	584854
14937	631192
61274	549191
48906	598346
51	637648
67009	575338
65711	628955
55579	528856
99484	573750
165604	558988
309639	567485
46183	572696
56772	532665
200244	633329
280353	595391
2738	552821
99974	621841
14217	645595
60143	573074
62863	553790
193120	649582
29550	538952
48885	555954
55301	549465
98770	563450
54888	542061
297035	645313
133886	558316
12904	653206
55178	530974
28853	623597
47452	571028
44360	534296
58989	596507
58728	607550
203095	628586
29392	619944
297452	547643
195759	611408
243788	560251
27143	549682
202412	651807
3035	610267
57905	641050
65554	527267
201583	662265
38378	556213
53410	561681
410	541243
279668	737067
368249	762578
93466	577287
41241	590873
30233	596327
201086	640927
104108	560781
32828	594883
429030	729155
22868	571175
162038	629291
25410	626582
91859	537770
88525	577654
39358	612382
25000	617008
9208	636567
248899	649710
1157	634326
199000	603537
40310	564826
8716	598291
91654	611824
20971	540628
198657	554545
8929	610002
11153	537674
113905	654179
60362	618581
78960	578470
91357	570337
24686	550298
13974	578515
9224	617675
12740	545270
59973	540196
500	631996
198914	663146
51777	543908
193695	587086
367521	721373
59211	585581
66028	579245
126833	599159
103398	585956
95056	590756
247576	586881
50167	532228
77888	595609
186129	580426
163382	559814
16866	589343
442420	705702
215172	605984
226943	601747
133760	589894
49398	602260
14853	662421
44615	530051
95733	531549
8375	598443
20996	583551
62704	629134
187	551227
26882	576324
10280	560695
17165	581002
233168	531368
155551	606897
6190	641779
46226	615066
63090	600486
49284	527519
31779	554104
194278	617813
12188	589433
286054	609737
22168	539517
39445	614211
81238	700389
142105	636733
277201	559020
52181	631398
31668	650580
13541	610918
12165	549775
316156	603729
8696	528083
85887	622006
43574	575748
241064	676501
200108	587105
58215	577512
27848	587390
41877	620535
73940	582028
29826	568008
41979	526753
19093	555925
9384	654235
49678	588457
201275	643988
196204	661856
516388	574579
48381	576210
98149	609336
38816	555086
23593	604768
202162	634609
361582	719884
66784	540674
484159	758703
32014	636070
216828	532934
19788	605143
196690	590064
368232	719579
189588	532341
12158	565931
32849	637309
5572	573169
200426	588953
22376	548252
31774	581995
53709	638233
11703	599041
71024	561279
201079	647908
199793	596364
10069	621647
36053	605000
46797	546040
198644	575614
143351	556110
66612	570775
202180	659568
25498	583359
95685	563576
44354	574763
199628	588472
13626	591462
377655	714979
220025	683274
496	593897
49738	607540
9480	571154
243211	658416
74470	608231
117673	654949
10611	577522
26231	591153
10666	592067
313495	703325
203691	648789
203250	603764
171596	562312
45482	590843
122768	645945
219957	655638
195506	582607
60851	587573
101872	577352
16165	624975
43390	526113
50274	616382
16860	621480
109617	609948
203610	631177
52257	662758
41306	581065
216688	602406
3414	581441
198624	628460
30000	559933
28663	596351
77356	565286
161507	644162
58125	623672
17586	554220
51383	602079
69340	606148
180770	608848
58858	528658
432946	693141
54894	640308
6682	616471
53271	534414
41536	583599
39605	577962
196034	642151
18399	538404
245971	560474
53075	569688
32335	596412
48127	571095
60283	558229
356220	682522
64966	533835
44575	538402
31602	562262
6638	572198
202730	661718
282179	635489
116328	536361
54938	584017
200851	601691
60992	565926
28914	566909
25376	604182
193949	757800
62823	651121
65622	580865
245	580636
58278	556137
33425	528336
201833	641532
4878	629802
9897	577233
43201	565954
38122	631812
204032	642452
36125	587361
10639	553113
357533	638851
346461	687551
177993	657624
44323	654028
55549	607652
37527	595174
38293	635155
47561	545824
59815	543457
249765	635876
197546	611281
14381	550234
101818	606695
13520	619602
67023	646333
2137	602953
432915	706683
3799	664490
355487	726342
233087	577015
368415	682597
63432	601772
369419	596126
30400	606679
5382	627372
64176	545600
81376	637280
11978	579842
77897	605921
223089	622451
232197	747613
63027	560319
323637	584482
159103	657947
28781	566287
8972	576888
6931	591549
36528	566005
25229	575612
200360	631686
336955	544460
46594	655027
54958	552894
283807	541532
43551	590330
198248	662661
26934	551748
7125	531161
56024	578021
432256	673517
47195	593900
368291	760770
355422	752812
60742	580781
27106	596803
39577	555173
3752	555901
169958	577769
60662	541561
54140	647425
13157	647979
56191	537709
359673	679103
29756	614037
3730	575834
38792	579033
194809	557912
252008	636265
196245	596819
28471	552252
77975	549176
58063	528782
36773	602606
94268	637583
26541	581823
75528	551404
102529	563113
26017	599679
23915	552926
9854	618367
16971	562981
627	564191
63276	592115
54248	573889
39335	568079
2535	565416
48359	584690
42072	606713
133166	663265
44455	603949
105645	651163
186152	651145
17796	563121
50837	549231
53133	542175
81311	570704
1968	537160
194667	550921
49133	614627
4692	643774
36434	569847
32272	570470
64891	625773
368665	700781
196354	526801
195896	587738
202403	651310
19928	557118
9569	526747
580	532202
199252	641116
29857	559856
87299	627373
127506	627089
186049	598573
323145	553497
367920	765456
201191	532095
4064	589547
4411	549840
80943	553289
122890	550602
28090	526578
63127	606564
28056	624172
73844	604570
26695	607823
320524	628918
201258	613563
62397	562932
164562	663000
77892	574199
77871	553205
199803	623546
26622	628217
31469	594231
36795	654388
297784	585422
32058	615293
194804	643094
198058	579246
1302	564436
43279	559913
195831	645234
22327	622466
2732	584262
12468	534842
42190	658400
155534	611284
25056	585473
4144	607922
58372	568098
26083	572472
17909	529688
78606	557722
46569	572951
60565	633699
50394	531142
61690	549470
48120	621244
202051	554271
201673	624942
75687	545822
36498	532059
28691	553326
29690	557596
193997	597753
198799	661054
122733	580170
9220	597161
53574	648428
457663	676926
200386	650412
36959	529526
41367	544375
68973	554759
21548	578227
237132	581426
34204	566192
26669	605153
78127	547012
30147	613558
74093	561831
140574	598967
66733	609347
52019	587825
84819	537261
12449	633942
1949	552059
193988	657381
108283	556049
32721	567367
45401	575937
62782	634783
38080	576610
63798	649135
16197	623583
44643	632643
27246	578138
114328	537779
70242	618620
69300	646269
202243	614115
126380	594722
33412	600903
26424	536389
203420	617890
34930	587444
32460	536409
59110	593474
9041	531883
47515	588170
65742	535251
51174	552933
105784	572020
88914	618920
20799	572453
10444	529091
16398	536281
62847	640956
76500	603671
200002	633529
81121	593005
48755	578631
953	530962
10913	647853
248974	655549
94201	527186
198392	606438
23386	569455
85901	569745
49938	585776
3905	561253
90179	611711
198932	585459
49152	528194
67240	562396
60967	528395
199264	661404
195812	612213
66374	608410
48968	557111
48956	645372
77520	615637
4526	660083
32074	570783
49776	588787
2333	534943
84017	553250
8739	546778
65821	553374
106579	597384
1941	558797
201123	558990
431030	734664
50752	558464
964	605238
370399	717396
15834	651166
86899	596454
2054	546048
193472	567861
9322	586807
55344	534654
31640	549461
2962	622476
78041	552044
355469	675403
194201	563580
255645	637898
180444	628500
22743	573163
105160	645545
331758	550842
48169	571518
52605	712525
369218	684803
32764	530998
34299	608084
83511	544866
124229	537694
10568	544971
10625	540604
48952	581996
11997	607735
41398	548771
203327	634238
73434	544383
18553	559496
22738	629846
355515	665092
120577	597242
57169	560936
406826	561689
44633	629352
194593	526705
9503	566369
65350	583982
53722	556764
34572	574487
17661	636917
85312	623808
198294	661395
9199	525768
22596	573418
69520	599656
88380	591914
369086	742159
70338	603176
6349	562858
131400	696836
22312	617044
200648	589325
22234	596173
57119	538657
387992	534217
260812	642968
105938	570954
349038	748037
491	569634
200485	659739
193455	593165
4944	561480
1152	570286
139379	656665
57023	625336
34820	543602
59521	609255
202217	637643
58807	643819
9524	526289
212087	597231
143726	630782
193704	594493
7245	535670
67523	626867
56537	550443
19463	602452
98873	545350
22582	527428
42541	572975
434169	734768
58940	638529
25773	543325
60043	565248
203581	576326
43986	533636
70143	552289
24747	630258
1498	526913
222604	588381
382800	535775
16965	578950
33764	535145
24291	593337
362064	612521
46423	625083
75960	722590
13151	577211
17850	603171
54945	655376
5659	553422
161271	590255
4974	596660
387335	737967
104735	608138
203924	635823
41511	562866
356710	666705
202333	638788
65244	557457
3179	607098
201900	631248
68760	558863
253824	747452
16675	656473
96389	631060
199130	612160
46637	588312
63583	611319
373853	682021
21766	544864
62842	531419
66363	646962
53987	620815
62670	600982
31535	571334
19707	591583
198105	621129
203562	611940
58537	527241
195274	602466
24711	603684
50573	588540
26765	532132
108558	583011
164617	713479
42758	599095
10705	586412
201200	605156
15159	646602
325770	599735
370392	729696
111960	552145
45595	628759
12018	620802
76680	550802
369060	683420
196182	642450
296206	588109
199542	596138
65425	610932
50648	527981
65274	590021
93958	596580
2127	545022
12635	542123
186772	634005
59983	601462
203471	653772
33161	594212
363268	668590
12151	608779
9233	658298
65997	573798
32417	630903
21221	529934
76457	619677
21692	598535
8548	598946
61516	540110
16582	551415
30290	587115
33620	579260
24052	543614
84377	574265
93966	550847
48817	547921
50930	631487
220896	599950
11582	562508
102783	612595
29603	641748
76318	631308
66521	644040
58530	589412
99337	620460
204102	657876
2069	548647
55253	605554
57179	566373
66788	635290
364368	579696
14336	602565
199383	565893
203855	652721
47095	587809
15961	569859
21513	608986
53824	565552
37335	546837
8396	582377
42831	589704
6479	585494
58041	588335
37349	526606
91381	640144
49273	624972
75967	570403
741	550069
41314	547034
63927	648184
122820	612483
193235	535394
85566	565190
34353	567823
177881	618079
14414	532417
203041	565365
202277	575950
7567	594617
49533	544748
213122	574600
196315	635699
61144	544309
127754	530821
65118	591856
44880	612764
397983	581109
11797	581445
194672	617426
43673	526871
355390	732233
145292	561709
195705	659030
201933	564223
1802	579134
9183	626281
61632	556236
32482	603592
97929	660267
53947	636224
77932	555983
40653	609417
19648	544898
202762	618379
10	554704
37016	602903
64183	574461
355416	760697
50149	639408
58610	565476
8848	533592
39130	562155
120194	567291
28599	576535
12485	654747
41710	565529
31845	585178
65534	614458
287598	533081
36651	566657
101134	618301
78695	588532
271894	686553
27678	527771
166408	626784
6017	626674
303469	637875
22614	557603
200943	638063
64162	580431
87597	541731
58234	566235
198296	641200
321065	563109
257316	688587
199770	652019
262	556303
17085	596383
87754	537584
107407	549631
203570	594968
426818	715404
2398	534723
41984	530834
59887	611089
91659	600709
24319	582548
15783	608960
8790	539245
7573	581989
50552	618604
37126	578778
3530	616179
56504	600519
52551	658087
202935	601455
201136	612587
112384	559499
110971	542748
23082	636243
143422	554386
129195	566689
57818	548050
2603	535629
58385	614221
12803	607832
26890	583499
81363	586542
60367	540579
286200	744976
242833	534090
168285	588410
15489	595812
54035	553927
59558	609795
339922	666416
136747	642792
195304	540504
24735	556027
369582	735543
36757	529830
77586	610954
355457	727756
5075	553329
32331	638696
315998	568200
54558	531335
101125	578672
28947	548409
60470	582822
26534	539850
24552	599993
56204	536285
59572	630160
168047	608403
91003	541900
13591	596233
89937	619469
159234	575094
57379	554098
8760	559977
27298	646209
2293	641241
430083	666976
77697	616946
429055	764287
2035	659048
30224	529309
131924	622979
17041	571289
27433	584378
42445	527432
70288	597278
40135	613709
22155	619439
15863	633915
77734	529331
146858	600786
8594	540984
78390	616207
365653	526002
34579	530392
370452	680163
1213	599246
202493	647819
117188	623068
200332	529159
10464	546842
47314	620414
58924	612080
9182	535627
112596	528385
625	543057
49147	533468
19714	636770
171710	544831
1736	572514
25317	574142
31175	649486
343924	720729
142360	533286
290460	527199
21889	606994
54221	578147
162929	679847
9425	628871
22657	556144
20073	660740
32439	555059
16588	658920
77561	537040
18368	621984
63392	569486
193602	532776
15363	577907
80553	546748
186039	593326
434935	667813
198751	531052
166704	582090
156461	600356
433610	665186
181611	572819
23444	597655
30804	526048
9407	551799
39723	538025
39237	534229
5133	578506
302762	601055
233582	567849
54393	628103
373520	740840
37114	548952
32471	584732
61611	624670
120371	549366
269824	659544
203523	565554
87468	537227
17502	652615
3185	629429
434928	683494
30133	576373
28595	548921
26329	571475
199760	650310
193612	641657
3126	617293
40449	612495
47355	568564
200141	660280
23224	590745
43974	647013
35094	582404
435021	674635
368390	665105
33013	632597
201329	554572
28407	638510
426496	690184
196528	659854
17198	617585
59821	543674
9043	663410
41212	549567
55682	617372
31030	563104
365468	558760
4897	582131
47188	618547
200355	647962
66681	563825
126327	545710
66616	638871
194636	611630
25506	604761
374279	667609
61962	607121
202128	647658
33889	535582
50300	643511
226346	649185
10785	531622
29620	529260
56705	570080
219512	525836
61003	620717
59788	568297
31308	616359
4419	574206
90468	556209
28879	570178
2943	585368
28296	557708
57883	544719
25121	537700
369041	712915
203990	620139
107850	609473
32599	620326
162483	580019
22992	548452
247349	648280
240310	584092
35064	667776
121000	532551
33550	597543
5235	613223
435914	725640
83730	529115
53218	583518
12354	596388
38496	541229
8742	565894
28179	605601
52341	644009
40363	552218
22874	616479
101010	661112
80849	585750
145363	644353
230630	658959
199548	587401
125127	562856
487119	687981
364718	752092
231385	580167
84868	544870
426521	669297
37803	566963
26589	535959
17100	609452
654	604498
155806	599368
57157	593618
10034	536046
58820	640764
46249	619059
110587	579855
204082	553433
14635	587717
79361	636184
233171	528633
19369	576669
1824	554246
29083	575286
30599	662098
21261	595906
44975	578498
3462	583187
330780	550214
12562	528218
416014	685232
160088	633130
39345	543938
10179	553321
41580	540661
37993	537308
57610	627320
368813	737046
46726	594382
33925	594704
60715	621920
9002	610192
19968	626601
9160	580411
17497	603855
11397	644021
64337	614216
138666	567779
41459	633574
203722	652921
51333	598449
56463	590876
42973	651568
63844	644934
448881	754082
301790	567134
1455	540610
19010	564662
157756	599339
44593	639252
19921	590942
105748	669577
80477	599991
193967	580066
14620	581529
53650	537796
248107	592910
42044	537735
50996	602543
198410	608126
21989	615560
87312	545109
40050	551152
46152	641148
9512	616716
55171	609914
147137	552987
33844	546033
12916	581648
39374	561108
26995	563788
202147	641322
77653	617086
26283	542108
194349	594026
200750	535736
248234	612271
363265	740425
69558	594215
126135	629069
6256	558097
196637	552354
196549	645176
100354	565007
11718	650442
200518	658756
435667	668260
62292	629865
29405	537791
200792	633501
19825	540423
32010	610237
90016	577870
60954	599359
75764	616356
202175	578765
39162	638092
46971	604398
44994	586331
62789	573640
29228	526422
133835	544093
17489	637388
7506	597896
87963	528073
286988	621240
197956	661548
11893	575400
34134	555886
51921	542890
27254	538331
12956	629924
199300	538482
45516	628203
88070	533083
173611	621557
36183	548065
35434	540130
32888	637111
70120	590291
56716	573366
23956	552199
198459	638471
104167	575920
111824	537501
24079	548823
429796	667976
429009	749419
65808	542837
48088	527625
54121	607094
56038	564342
55980	596170
29789	598431
167706	605277
14757	618795
374617	705524
201965	561075
85521	527438
201445	617391
127821	659984
195022	643629
10109	589379
201218	632188
29684	540124
198300	581494
355521	581285
47343	543763
43755	529753
431319	679689
193343	585852
11661	550979
11316	535085
356406	580475
8108	549052
65494	565584
42935	621388
365720	655456
61751	563555
80564	603275
27404	604381
2764	655761
54312	560354
426669	695497
31696	527658
90182	537509
195827	648676
64723	543612
149842	545771
50546	558752
66972	568171
42510	653040
18299	618432
13697	544820
37049	583725
170641	627275
87871	586875
33007	535000
130193	560650
57272	583288
8948	638272
37443	561659
33331	582692
61128	548585
43011	655528
53244	616970
166726	637533
48722	538576
44160	557829
198329	606393
61797	627667
23857	649750
21231	549311
46509	543886
199624	599650
94241	588693
7753	557375
62969	603681
200716	582739
3796	526066
7407	611871
241228	610578
40203	534112
25974	532577
32604	568278
49896	556772
56050	528494
378563	683522
131234	573740
77644	625449
54487	534063
199798	649019
37194	560132
216771	573905
8295	533653
274	612965
185207	655782
45613	581374
52026	556154
52052	606217
35356	609487
202142	643009
194028	637907
199725	639404
35876	527470
24754	617569
54659	572388
55257	533938
128	538760
201875	621119
79364	557893
200865	527275
179886	604656
30920	532970
23351	540293
73933	541770
92394	652097
459127	725604
41724	566405
54072	641867
52134	546291
24605	592974
201287	580529
1552	567156
64942	601804
12860	607070
57386	584265
24234	565768
46863	595318
195406	564817
199185	614316
39801	619077
22724	573769
30358	534264
103755	636865
43150	536454
193307	534189
99151	543294
426708	744081
42430	608468
86167	568133
8597	539513
59053	597772
62731	562168
67109	562053
43306	630071
37319	577582
122855	692714
63351	619942
3112	578941
83479	599925
194025	684090
193991	576926
33201	626176
78064	540128
49111	581656
43275	567325
193806	633783
89949	668043
62405	551515
65090	617583
9381	583086
255169	624668
30674	631994
41182	586259
46132	609642
345745	736164
198283	658925
38305	569991
41912	608263
67083	578468
86580	549647
49762	533077
57413	562051
31437	598232
43239	546169
27347	590200
202287	560519
204208	553076
29712	533407
50306	591967
66587	561258
249993	625131
196675	643007
54243	578954
199352	661755
58184	614511
214125	561961
48871	578337
203045	649595
261387	653136
9228	632968
66962	528600
304586	544743
42851	576947
260144	599385
27998	600625
201668	645593
48042	585788
2727	567281
42368	657300
56071	544263
194405	592830
59684	570755
474149	728381
40107	610352
35295	535033
198055	653145
40665	550117
7083	602648
40044	619659
369563	696815
196114	591941
44282	562745
198521	626689
65704	546072
74015	570169
25531	557329
49497	543611
194588	602634
25273	590114
51308	602128
70006	541588
66838	571989
194425	643659
202930	623957
203518	557953
15796	624919
196294	624377
18934	592694
25738	588979
55503	602375
4044	608880
1134	533230
629	596893
245635	641333
198540	612909
44486	593530
36851	623565
9499	576070
194959	616027
34075	601113
31213	587999
138252	602235
26726	529296
6654	527495
251008	647668
76167	660430
67978	557322
20111	562873
8857	570617
25340	539792
64285	619066
118185	588625
63002	538728
31548	532768
52979	571291
66337	579321
56058	655624
58008	568513
5928	560779
22602	584015
51650	551464
102938	556065
301785	576994
25699	527637
193780	643449
191302	654822
102509	591465
38287	572597
87811	619656
1133	545881
53149	568670
24800	574750
22426	627600
62808	563422
195382	659638
29154	566973
52478	606054
151415	613336
47246	632232
163675	552070
102996	643186
368396	664413
19940	576420
60352	561619
293774	623276
28370	619493
200345	634674
32872	584343
43086	549096
8726	549285
16404	635835
8945	577508
170380	580021
3412	580033
29234	538341
238644	603356
202834	528580
59410	638661
90006	589963
152241	588165
45566	590943
5091	590538
198942	537429
367875	584186
73778	536501
25711	533012
31100	634173
158105	657385
435101	719791
66023	589340
3095	579231
54933	596398
286846	533823
55026	572631
51562	617953
46753	545266
28763	566595
20834	546444
14872	603435
436046	689987
44847	596448
46921	552414
74474	539283
226947	637606
68333	565483
201620	594135
36365	556461
2543	589317
2997	624130
39323	622648
53211	545819
33135	536482
226690	575995
18347	628752
8828	530208
38894	531383
31361	617471
112207	660701
67731	614986
202209	577651
81908	541579
436161	756866
427601	709792
221110	659917
44719	574829
202591	656303
38013	603732
81060	622899
488536	587597
33948	526664
133882	600179
84637	593024
23729	618092
76944	564856
138	574735
48853	578328
203548	603826
114562	614161
75229	614478
434190	693386
198073	615300
6503	630645
41945	624250
23572	533314
59059	552881
64376	598205
248349	639245
201802	558084
59593	609996
215652	638685
28113	532788
60914	553483
203834	602833
29931	528561
7038	640853
25579	554647
33642	635471
29822	608765
28612	581413
41056	581619
2488	622159
1576	552558
30956	542546
202961	579539
43252	530239
44422	633515
248095	561745
62960	564560
33714	642395
29311	527221
74236	565213
27007	554137
3069	635623
18268	626964
65316	531905
78837	533460
77687	542262
56006	634083
123272	543172
138864	566648
69376	665189
16356	645810
78951	534127
9064	562897
45204	540639
125789	625113
24126	583563
179996	594800
107360	553801
199338	605836
369066	667594
198880	554024
61955	528052
359281	620166
247971	705929
193685	622155
32476	637261
14060	630803
174867	608560
37504	578583
40712	533415
38581	578088
18116	614972
369540	693181
209273	579887
90033	561543
196061	550898
159295	609901
29216	607209
53416	605948
432731	675327
251759	646331
57729	559487
89804	576704
15412	565104
63357	549051
51202	588231
61568	555035
53774	599823
157470	642065
23923	572360
113785	603521
370367	667715
195081	583251
9514	535932
58669	605671
63228	542326
368353	682297
60576	589392
346450	641706
413916	565204
60729	590909
194433	654463
14925	618901
201118	644288
97737	541721
9206	536528
73741	601011
300961	607261
3528	619673
187334	592969
37744	589267
57715	581757
33096	568378
30267	586536
11472	528290
138188	613125
44349	591112
143707	637714
34788	628339
8206	532052
51732	585297
473294	757359
40246	528550
2959	573405
58698	530769
132002	587815
39714	556216
354631	742997
14148	549382
122487	531642
204484	552913
9120	533168
31936	558884
200248	644483
44683	625404
56553	554946
368213	767126
49985	599223
58454	614173
164991	652895
26038	590478
1591	551675
68800	576125
20687	540158
88	665817
115002	590382
59002	572531
19954	552909
8752	658232
33231	564808
58629	564018
101605	557586
13260	538686
16061	628070
28872	629615
51791	571531
36265	582502
195057	663417
59941	643757
86002	582979
21791	563455
23231	541493
202759	623292
47302	643838
66088	561395
34752	640807
14097	624695
41171	565348
11737	610912
69897	557286
301344	636476
201462	623842
59848	559748
137730	606666
55830	531640
73486	557320
103130	582285
38197	556007
11678	624774
96291	584423
22260	596932
180433	530488
55944	604048
62575	609360
48405	538456
28335	573179
23162	569226
131476	588191
32182	612808
10696	569845
11430	571941
57899	562326
10001	649834
15312	646676
29417	608471
29656	598480
20521	588761
25958	552175
939	537384
59331	596890
187096	584070
32339	605653
57088	573447
33977	648300
51963	601434
70965	645025
35640	563512
6197	568242
399936	719410
204259	625254
72530	576690
69530	545078
203985	608407
587	553929
139273	569830
13004	580905
40259	619417
435925	684816
37327	546189
63816	635763
227887	650465
78611	570749
81009	630623
63007	584277
28512	582268
196	563952
99343	598182
369553	748072
32281	606292
43695	569293
202269	648255
199020	566757
127999	563380
30712	604389
40021	543352
10265	587465
52395	575379
5548	584028
202477	554825
63498	603249
65638	569698
49382	555525
58228	614973
143481	607797
10214	608744
149880	640271
61443	604306
195841	639949
374628	746125
80135	567976
86734	578322
139760	740884
199957	592226
58633	644169
245493	608211
126364	585335
13197	644566
78529	614466
191955	583856
43479	592133
42420	647773
368781	703893
56687	571567
196603	621875
201846	548636
368452	734642
89597	604718
57346	550681
57145	568650
164618	611431
43749	530154
51981	596406
379801	727477
38730	534561
180811	646098
61265	633659
21390	569432
58814	539581
47183	587728
68490	594690
203970	551253
125485	601451
2707	587582
46383	625869
28430	578973
27547	591634
51288	562590
205852	616258
38633	592006
49024	624823
36635	536017
426514	724432
11757	534345
76904	532055
59370	531362
137876	598465
2267	534691
66423	547142
70466	580859
8782	532173
196190	613000
50817	549935
197703	569850
56212	585682
2323	610904
19486	598295
239868	632980
23139	549789
74042	538113
201654	587810
10032	570339
65213	614490
433550	664497
199429	620235
135984	559518
12250	583309
46847	551717
2340	611814
110823	542012
23906	562355
10129	543751
7562	546914
199539	542900
163468	624186
434153	757776
340	566155
551	556301
229214	616884
31656	607883
463322	562104
65149	533257
5295	609998
202259	566774
59079	585731
63978	565142
148891	569990
85524	578647
61828	612698
126810	565657
50562	555715
93682	532681
9315	596099
43110	547807
72030	548925
75715	579934
10953	556229
77092	542733
45925	604723
30277	626370
8195	537722
102746	577358
44245	601802
260726	582018
518390	570605
87428	618929
21672	533513
9181	594495
8838	610875
51629	584016
64523	619148
52901	632991
30558	636462
22072	632369
52304	555100
247983	636101
33293	614548
20595	558079
88477	571108
31432	597757
14813	637732
59771	549156
51701	572370
214113	527219
54908	621197
199948	546746
195230	628983
164	550342
24363	638856
908	557159
109582	572534
8419	587649
9511	627584
36273	567612
50129	542230
56333	637032
426883	741620
7216	530779
108983	564230
46812	638127
50054	560233
37470	582599
32250	533965
3086	553061
193446	663391
424600	724999
39625	583078
96402	602306
34240	647058
51949	567050
42763	588754
8603	560323
4357	566557
8943	564591
198099	540228
38266	588493
16512	553252
250647	594615
53096	544683
80554	607303
51423	603192
198794	661217
42774	553855
28971	576832
54352	597263
235226	563052
2439	554382
202105	550497
213916	582909
63512	617782
409000	645280
204120	657522
34233	549300
56409	591400
115391	608090
198817	644274
42470	658964
86696	537970
12771	597664
34309	610624
32927	529992
50451	528317
8718	635660
45489	552063
85160	574892
201700	606879
134154	543347
26003	595605
25063	555302
19238	586844
836	573164
201973	619671
40266	587479
48584	566440
418475	751184
470442	640392
98733	661451
47101	584229
54579	566627
202092	623877
43732	546356
325148	554594
119528	575959
434589	744462
461379	613726
368555	706896
137750	553057
92411	658105
39516	554057
30834	566737
2076	630921
52513	543485
245860	528960
77677	542963
129072	592492
25538	527176
19493	628238
21913	526745
58543	531356
19831	558756
195964	625275
66830	649211
26778	596514
59074	559522
20	564459
195003	611128
248365	571939
29150	534988
158977	621867
10713	560044
52911	540409
2343	558483
40935	529943
198127	608868
256683	562434
28699	550644
193481	650884
68956	563845
14794	565882
50256	532496
201243	660491
265341	528945
235953	530937
59119	576830
100432	620122
195120	588582
22432	550836
9006	631162
1139	594000
40728	536984
54229	604202
61084	533928
150968	599277
4156	573203
13858	545790
173368	569756
87154	544237
30841	527073
48599	560075
15803	603225
139131	530939
40422	527926
66458	564130
73032	558481
196534	627130
45670	627026
61235	571178
50804	531020
68727	626556
203381	663378
40842	601673
25106	601823
47886	634367
40788	555535
66958	609448
17775	641924
164611	716616
41554	621405
125764	650861
1555	590156
43784	599197
62594	579297
203425	536877
42410	628892
194285	596891
27329	618121
58566	638213
9473	636493
29785	565547
56079	626820
94836	561322
74335	582939
133089	533392
116122	650158
57114	621111
203371	651337
20065	527818
406556	623280
63408	531151
39652	554371
54836	554412
7320	600383
6639	545356
31312	532404
339665	634873
40186	534758
218735	589977
36422	569278
72266	599528
44014	617017
355494	748680
20347	569943
6253	573377
40541	605203
44167	564644
9347	537726
2015	664523
94880	559398
56983	599797
31635	608827
15527	641210
20507	637128
248606	594101
83160	589994
99135	747454
195874	565548
50796	542992
66101	597571
245496	655918
2740	607118
2527	602940
49520	553421
57442	611144
198443	562109
151425	574882
13339	595006
176846	558802
23378	608547
19336	595592
52652	570776
1794	599755
27842	561151
10538	605811
248305	572450
202804	582499
370782	675784
87508	541473
131544	603888
32175	622983
112915	585567
56559	607971
426479	738416
178551	638698
63234	645397
427349	670496
25247	579671
109957	527046
46869	564663
174553	677881
197849	656389
178592	562393
214171	649023
84865	591558
11349	528393
33497	610889
9553	732292
200830	555667
216458	616459
90344	735996
134770	645531
951	589983
203735	547419
1480	574153
56864	598276
55265	615868
45991	573597
119986	749131
77747	543163
166732	571183
427581	726627
41422	552584
31261	646658
359272	651965
436275	729885
199103	556022
12783	561675
174106	561473
200	616121
32031	633586
25190	560413
75208	534107
63727	530313
436203	727308
3515	558539
10036	550576
281494	585359
282243	528616
35268	645842
7231	598941
44042	585033
428928	723886
159971	555112
43354	584998
152037	544698
75090	620323
61416	581207
13684	644471
194914	634105
201013	640770
415646	599036
245537	566749
55424	528840
20164	546796
30850	589946
22060	528415
61269	637775
84049	599931
368684	667127
3910	648791
43333	557090
27598	572250
54172	581768
12666	528119
78205	537075
202627	585211
74066	558289
77577	547097
45347	529055
16831	609014
171441	531618
31664	574967
44754	624090
6689	568713
201755	652616
203174	622933
54196	648076
9869	565415
34379	555744
200098	624999
217020	547251
85527	538904
282402	538701
183	563488
15194	593845
41124	564731
193380	606677
125107	527499
243197	679709
3694	571047
24405	527517
203407	582835
204248	528355
49728	587537
198969	605646
36944	529047
430913	697611
199774	629542
2934	542599
38399	564939
71430	568237
306404	644731
426947	759833
87520	644104
11363	632769
45110	588008
25234	529200
44208	561239
202721	612101
4432	628880
59135	651500
1415	554569
15880	656525
57279	533827
202168	655075
48592	565047
42458	552886
54151	632803
39477	548077
429	590035
200007	653750
92320	593588
80174	630624
201982	645527
86488	600881
133866	601791
117328	583376
57616	544519
27672	555661
248980	626411
193653	658328
13314	625464
17955	557831
139348	567589
28942	583780
66713	597968
193901	534126
28045	545224
452228	688150
368482	718979
61724	541931
40755	545895
52280	560197
86426	629607
80556	540683
21068	551820
76686	601193
196671	658264
42007	599890
42999	560499
18047	638342
53942	533922
33306	547017
8888	583582
53461	619261
196665	585268
202647	536610
367959	744458
118824	577547
6294	560828
61838	576282
163403	577969
193433	583291
60202	561637
101834	527440
502978	685643
11771	561711
248891	640845
15146	598114
85208	538780
62852	635338
9331	566919
42399	598165
100110	654161
368647	739585
198851	555691
25492	569098
62231	559743
55216	579187
243201	639446
52537	598141
199077	527462
47376	619540
40614	637085
29070	533135
73367	528649
183293	532628
153523	611310
66948	601243
427622	761044
14184	596117
239188	566403
31898	583237
45454	536951
65628	575318
196405	656579
83755	631975
480051	741030
195093	623769
57946	591257
62859	635234
79765	536720
85191	640833
198350	652818
27885	561742
18159	569672
32022	630951
9428	543801
5332	603231
116286	614285
58223	550866
36590	525980
132903	607291
21860	647716
193384	614236
58017	606446
196386	655540
35046	620144
224342	527273
194792	549489
14007	614252
60781	544126
34069	641432
639	637541
103854	534433
70862	553396
353761	671467
279669	599668
365577	541886
197817	592283
116041	608065
24967	572200
3385	532464
202364	641372
196073	660081
201440	571561
80492	559538
200082	556305
21872	618513
78851	630877
86269	543069
107918	557254
157482	614720
62315	534333
26737	597064
35647	588213
54697	644464
45411	570375
33734	633326
29256	580188
285601	591461
9100	574160
77118	572542
43524	547776
31117	595620
39708	543283
72776	550157
26180	527932
7004	598566
142320	654036
64079	557182
66883	566061
194859	608389
200300	596374
199853	536688
39932	552625
435728	665225
65355	585173
32911	588227
195235	534231
77057	650663
425988	672771
9949	617337
42951	603838
56244	556797
30990	571886
6530	564481
60231	575509
82448	570641
26562	536635
252487	601720
201047	621224
123589	576906
260770	577833
61465	584240
205194	578596
57083	646631
4606	584882
57974	585932
5538	571469
22198	548309
36071	609650
14136	562966
369028	749055
368029	683765
49208	589301
167887	626477
56767	537939
61305	558632
196028	654526
80640	592309
103791	567301
196235	539999
6296	585104
795	539400
60590	590305
2989	529198
45089	612746
12207	627463
54831	646238
32389	632534
11290	559653
77905	537089
40345	543132
8968	602904
40056	645273
29544	607159
18734	550839
201659	612504
197655	631620
304	634309
58120	540342
64198	608793
42661	548785
6772	654157
172523	622053
48415	586334
166677	643438
23256	599049
61781	577305
12911	619894
78119	588326
104135	526390
30333	590144
64273	604547
370331	763178
201293	589699
52807	545897
42266	536575
42980	579795
1589	602601
181399	637933
55106	529883
32984	561412
34227	658255
426854	763914
4686	580716
24825	545230
45862	622964
68879	585823
355447	673085
1773	609015
61602	562715
195910	637482
10986	582681
68889	573025
16294	577277
36041	559915
12115	548773
85271	641265
164549	535527
98486	624007
331544	542637
38995	588924
1923	621147
34162	598484
281075	567798
1502	604164
31994	527253
75894	581746
49890	526903
101999	650689
344355	681338
31410	645984
54820	574237
13084	560700
437459	675745
51757	587583
9102	600741
22286	594810
23087	618492
23011	655997
101275	554880
202844	602757
8952	562682
42631	575763
159916	569978
79898	640076
69976	534727
28643	598477
77929	633172
194182	590976
30787	583347
214065	553438
550	542773
54856	577064
100951	526470
37692	533109
27047	625460
12491	637125
118438	546178
72898	629107
70482	547370
220492	653011
29560	586847
197837	635159
52432	582483
17138	564183
107292	658668
50330	558581
355504	714284
27367	622742
27475	618070
56375	604330
53495	557452
342732	687351
31284	623632
12341	592923
204116	554252
9365	540786
31488	624475
42119	617745
62868	568984
65666	535460
53421	549201
369079	665772
156903	580382
18634	622092
199164	527340
20855	609293
49651	549126
193580	634108
29001	535901
59017	620593
253	534745
53580	566482
197910	654778
189577	605266
366961	577304
12408	639503
48811	545181
38091	596062
160789	651921
38038	576339
967	602842
33609	582774
19661	536432
32514	559173
7040	582099
241829	654724
44025	557129
64425	533303
104817	567442
52494	570883
157460	634342
34745	548151
57291	555974
53595	555285
203270	632557
55619	542671
48974	558369
61644	630905
171837	645387
34335	615476
309384	577610
50107	564070
54012	626979
251040	633461
193638	591982
203620	640174
24774	602319
16128	595702
64672	627525
16325	537152
41320	574924
2458	604912
14204	601069
350401	533377
255374	607398
242315	742011
473915	680961
16947	592003
9755	600899
49350	549284
6908	561533
41524	610970
27711	653510
31217	546705
14329	567616
201016	652752
12583	616718
26714	567015
49927	572537
58606	608766
195124	598326
265641	593256
239086	553485
9337	572809
53188	570885
25427	543313
38097	541576
49422	587744
9471	602414
3792	608838
175332	724290
67681	592204
85634	528258
67042	575982
27112	616253
106618	564098
107678	573571
198725	657775
193418	592606
194413	540246
33930	627606
44390	542392
110817	527201
37133	549729
31823	570274
216992	597213
200158	593021
204063	602978
80812	556641
62815	564219
52738	631215
29293	555610
64009	595507
1293	540212
56525	557812
14566	566553
430076	762711
230066	541657
391165	692854
242300	556133
142207	572684
7214	527987
135170	597803
50479	597587
63906	604471
201406	644456
30006	532583
429839	723585
77506	560901
77242	536036
40395	564115
424625	623480
1439	560243
130079	613822
106768	614602
40924	590988
203579	609379
157106	664150
21779	590853
8823	620734
405788	664886
38809	575750
29223	558588
38713	527303
74003	606353
357213	766495
28231	562497
308832	621567
222068	544504
52308	578266
15534	576440
32234	587853
88447	595862
27335	543879
201333	659514
32359	543572
39219	635105
159671	603977
60395	549685
364552	661815
57250	546542
78875	600163
162680	580075
19210	555483
27191	537531
195480	540868
49806	558518
16287	642013
7785	587952
56386	595007
203781	595524
194663	554912
22849	588949
4255	612955
194779	637331
196209	560033
4786	564549
92085	550857
41429	656926
61818	582393
72514	567030
9454	610276
144248	613114
237301	638177
9918	592525
147185	544868
367976	700097
4838	541711
2018	600144
36342	540630
23130	615028
58648	585647
200854	659303
26197	634786
1984	565108
126238	607580
51140	556202
15173	578720
57605	640086
193675	625100
17423	650692
29380	647784
10792	531704
30079	625340
9475	580135
57917	567714
5570	608892
48896	607310
125644	579467
458	547696
22639	544435
434375	740087
154079	634765
24779	584677
69817	565586
204022	604521
194071	656609
49482	544492
66350	556193
79336	588768
188456	620981
50404	621833
261197	656828
6949	631223
791	532355
42064	616308
368509	709545
8303	659373
18873	555646
40578	539878
39737	635311
27779	560966
14079	585013
117895	609075
34619	547392
9518	586094
17525	542035
309293	713860
17680	603350
63105	619411
24716	623446
4092	526247
9355	526093
9218	582820
49404	575555
184829	644733
37610	546514
56519	608920
52557	594502
9910	550369
29299	582699
164107	552345
40313	548567
25023	570565
54926	593614
233587	554259
7503	586884
107770	606864
50401	544700
148954	641806
79896	560105
21945	598741
26089	529895
198310	620428
8980	562320
297591	588289
194607	605549
147540	620159
3335	536168
21588	620058
252190	628163
6424	527293
2400	633717
152759	545047
12700	617990
56442	625717
60651	591945
195107	628670
31575	601758
48472	610743
52330	581876
7486	610095
10777	615988
8426	567609
53172	568636
65588	568868
225844	550787
4090	584434
22477	624561
45460	627139
10392	580664
89668	609706
171672	621318
30728	572484
47273	533545
53000	634415
47039	573296
258617	638947
110258	652265
372874	614854
166476	638182
3594	550975
197933	622150
203908	647476
200155	621265
200322	654530
26211	608206
420955	667130
52990	534266
16229	542425
155751	663407
56868	582357
26192	561879
498018	542778
57742	573484
408	614564
280716	653566
27137	584682
21467	601237
195299	638099
15776	635947
184060	572920
26759	579030
97547	575855
91653	660021
333398	549659
21848	589420
28198	545509
78247	548006
34411	558506
4402	575177
66943	592253
195462	618599
30596	629932
122040	597349
201497	592631
56145	628467
72278	570289
41380	606434
37724	593952
463287	739069
50474	586621
2040	605158
77553	585101
82894	544069
57698	539671
222081	613383
198382	688224
38183	594707
132434	534404
35250	587352
5597	537872
190134	621943
29818	593722
14504	612585
46674	536289
28960	558122
77935	545140
178768	578499
33282	604759
32188	548686
55737	564250
202697	588750
53681	550797
104343	635891
25858	590454
272845	727305
1355	606905
87412	565012
236866	615722
428351	712296
194975	662349
36967	540916
30911	609305
23629	603469
25383	614418
50152	542469
39424	532456
139411	596725
54808	596797
194554	653681
166514	614381
37969	534272
7230	598280
12220	589356
115102	620668
27624	572160
8793	539931
12144	597756
61832	581709
15512	553612
125947	587277
3278	651268
18629	640025
432752	746353
91192	566010
137114	536488
578	546227
31394	559844
65216	560523
105899	617473
45228	547439
60978	657451
9399	628793
41434	574939
8698	590479
30248	597332
195346	635934
61094	578575
115006	629654
59231	530002
49290	621785
17531	562266
36975	548614
29351	550886
59064	659333
63403	615748
202583	528452
202256	627439
21710	655730
48689	605249
342435	532932
99677	621983
3597	603334
201240	563008
200253	663269
222026	666522
355408	748685
55948	607082
199887	617613
359053	569882
11257	570050
368543	718475
25617	585644
369212	687045
62254	590083
62481	569348
334207	553519
352590	641884
195932	661711
19642	638785
71638	584589
43832	636812
3182	539709
148232	564586
60681	606406
52657	621033
348466	540716
70496	536294
201026	655403
62525	629381
199489	731827
50389	534805
202442	657926
11262	609105
45536	592139
15737	650535
202903	650357
5151	540252
50923	597834
37663	565181
122509	648538
9053	593161
102000	598577
6934	644294
201279	649116
368001	707527
9032	629985
17507	589126
99846	558175
101836	552419
89976	550939
136674	606519
49647	625719
28159	542377
203266	531827
203036	631540
61327	585220
203567	652961
130220	636342
199662	661672
10523	544326
57564	577642
2936	623178
30338	554487
2006	719725
272689	576436
6595	532691
356721	767266
70728	649451
28925	636551
31406	640277
40596	535282
41132	538573
63543	540140
103187	535562
2338	550031
36860	574748
25043	606240
35088	549661
10027	606146
59462	535869
198122	577258
87670	560126
202745	567838
8648	528746
1332	553917
195133	567198
58956	577322
7322	588261
31026	529899
9045	612086
57498	640746
201377	652758
20318	604201
2131	568341
101842	556564
62434	564858
24705	636527
19507	636404
193361	614121
54022	632623
9084	543292
293	536871
39212	603822
24384	634179
14776	622684
194081	647718
131457	737257
199962	617847
179437	589229
6698	598360
1513	544756
47460	614058
55489	561247
5317	639470
26359	633719
47427	551082
16368	574680
1465	551656
35010	588022
33856	604956
77495	552568
31189	575752
55583	615110
36953	624689
133229	532130
132539	600642
6845	534489
22484	614923
85219	552827
34566	621421
2654	557533
27392	625461
46644	562445
433511	730403
144608	583734
57219	589935
429274	731758
115467	571045
47045	537906
80925	602082
1771	527566
251155	632905
40671	564040
72322	539679
11176	573481
146187	615882
87531	568861
87404	582965
344644	673385
147202	549439
37696	560264
9614	575607
1928	593144
175920	661764
136067	608797
203514	533561
17247	612392
87226	644696
127895	660845
228760	654880
203107	576580
200534	592834
36244	546452
81421	646579
20989	599456
64295	543345
25807	576876
63446	573980
427613	708160
3934	569163
9329	572478
1174	529836
200285	643751
162	585250
199082	604379
181169	602724
273283	567047
133153	531427
56160	607739
51106	590604
200151	549981
30690	578694
120170	652708
63156	581186
344342	738834
32704	550064
290405	560447
149682	586392
202096	636445
48941	568101
201895	604338
64331	621971
191867	532077
58554	556687
31366	623018
218727	659326
6606	605519
143907	531409
46989	565156
39544	580902
32155	622018
7647	598005
22621	548022
13095	539039
38668	549137
1980	611181
242692	528449
25555	543300
31627	531624
467737	763031
46574	533111
45854	548421
365407	569420
141824	621004
65182	527028
111025	545534
14845	531309
66358	536527
55867	536497
14301	566444
59741	538052
31962	559455
2026	540084
83636	566516
198978	636881
39786	552583
101847	559687
197717	581730
194355	627043
45329	576941
47263	565512
44269	605053
35210	549084
10659	532678
37788	534061
24435	635355
20580	641511
193301	657786
193272	652816
17938	656847
48511	527808
159746	628148
22359	536118
56903	536817
57839	637213
63333	616928
194855	650879
6365	643811
219163	639483
342394	617528
202561	557201
154153	652486
53239	587758
39508	575779
32086	579552
3939	625506
201857	646337
3932	637437
62416	612928
35428	590837
199508	554009
30769	618677
1258	587147
18517	542505
496862	725550
41101	558881
25704	607807
202861	652808
40160	536116
203072	662162
206732	716827
171809	649154
33689	622804
9170	556067
63636	612895
9565	592733
405776	671580
9089	637495
110298	568142
43981	578962
10170	535292
7122	627735
51988	554632
46019	588072
41224	537598
27318	562657
18484	605242
45829	590718
230826	546610
195493	605101
23031	614098
53013	526502
38460	528281
35310	529155
34342	621286
1830	527442
55271	629873
62101	629121
66798	661364
200678	626217
200918	544579
51838	573411
193369	540835
16178	628020
36034	593231
195309	628727
195219	575469
8714	642638
21803	570293
193084	657914
630	527265
18698	541946
429249	721409
193905	627368
16379	624763
202378	582851
40175	526901
6	606444
50844	649313
432584	701041
70155	619347
53323	592523
77650	581545
172360	724417
140260	695023
32549	548753
72459	542535
197942	656212
246119	641931
22934	564917
127717	613824
94262	638243
34018	646637
222235	647172
9379	554638
57461	555600
241602	603331
55625	539786
41235	645371
33544	638750
102681	600780
204091	617877
365749	595440
19256	629632
26217	572930
435014	713829
83875	546319
23586	550641
80117	592512
268749	644073
20668	565610
90176	563802
661	542226
959	579332
31154	653086
53165	619752
87170	573518
178819	660133
7265	599058
201862	651299
64113	587399
32080	582222
27523	627761
29462	601980
200523	741171
64498	583340
37477	614830
25763	529168
54877	575031
201993	605771
9501	535443
500232	721429
45903	533202
65307	650169
104534	602749
14251	561489
49885	533810
504537	723555
32817	561134
78969	546209
164119	564442
117712	568923
198077	582111
16109	661723
16608	592051
200335	540887
210893	597125
429823	727319
250257	616257
198614	530899
49301	628996
69630	588282
27953	586897
213083	579989
22142	550552
37652	557789
1595	561782
56228	557168
50374	551229
9543	531131
58721	535934
15967	583927
13211	542800
140946	596185
60008	604585
70265	530291
498536	597919
167122	548827
63709	573290
28507	577627
49578	547403
197659	645100
426093	683490
10983	541914
25395	567666
44568	590271
39413	525844
195285	595973
134063	643418
202537	658780
56313	535430
60412	615773
75262	592150
31340	645054
60615	595463
160378	582216
25525	619473
9022	606509
50340	634207
134323	546956
57805	637395
44652	607383
46535	552491
81139	640868
37974	541070
1690	577031
65097	602215
5247	548982
65208	632724
31507	557923
11762	592618
79899	557390
37289	547812
195062	573071
122656	585442
199343	591018
160395	600479
43302	574540
45449	550663
34653	604566
257554	538388
41692	611149
3417	548279
45280	642905
53872	613533
28831	565434
5580	565124
62359	538824
223983	737902
23706	638085
543	526761
155557	600435
323157	537724
194797	602161
66252	627184
426828	705108
50579	636480
71984	561283
199637	653891
37156	617416
53698	534298
55348	558603
27416	537267
18426	631579
27642	560758
408981	640227
195314	553749
89926	526940
8767	615435
253828	607503
25985	613521
195688	663517
38659	546918
12213	546684
22334	603210
94	603863
51429	547052
48978	611501
207630	552336
183120	594581
40304	561613
63454	568639
8676	632661
4257	640413
21500	559871
50075	579066
31998	596517
2220	577637
27421	588829
51615	583722
29532	564012
61396	530235
3641	612141
23697	624093
86384	541147
433503	687478
11856	623858
56198	542480
33437	562028
203772	589294
48234	622635
62541	635133
17375	541061
39124	554786
33747	615100
194707	628194
252005	615707
30637	616101
60630	571762
161256	609796
63809	549228
31053	580695
9246	530677
1946	528758
24622	531305
44729	602308
52619	537486
29866	642159
2393	555855
34855	597063
86312	553779
173238	525888
185	557146
194630	655160
160561	592256
142083	601522
287571	649341
201891	657706
56358	636213
78144	588481
203133	587076
48075	564037
1265	564911
202736	602732
200473	539954
146754	656368
40633	570065
31269	573073
91794	559588
197587	602802
42560	624470
54160	563523
31068	636675
43225	594170
198241	576203
67186	547884
186909	551284
11730	586146
64880	571144
75340	558331
29720	532984
40868	529553
4516	551225
148720	609908
44288	657261
47581	545101
120009	609880
53511	545353
55897	550966
19286	632895
15660	638708
28208	554359
227314	556655
52199	637554
318533	591600
194884	656761
38228	526598
138725	709579
194102	642913
53474	535637
24528	548728
53929	527568
56790	573708
9030	591802
412267	666423
34686	572661
48352	574434
49230	604438
60878	542203
198759	663519
78737	633362
12713	576395
76450	550017
56720	535841
7299	575100
5585	631591
53954	574274
10451	596909
202847	590790
2144	560382
24451	595026
202586	660076
202523	622913
198397	660468
40703	526847
50830	582125
61932	555304
13561	581694
3660	579115
77357	607584
61938	588384
166860	600206
240216	566847
23467	605174
92292	581789
135433	608122
3220	596342
12962	539770
67385	538936
195490	654102
29143	583744
310354	604559
25210	573039
9409	579169
88996	614687
79111	544609
58075	528941
117638	647215
29064	570477
198888	654300
30405	554191
202407	651274
368802	683169
40298	549572
5262	621458
50623	532422
54049	614015
429941	692929
38682	559795
51610	532812
203165	544049
194941	596991
1307	631435
202298	661963
18585	595536
179865	572722
194073	560122
62933	559677
202786	641919
197742	588592
6488	550280
18188	627866
44313	642323
60124	573816
57663	579520
353236	670079
2125	534363
83655	663467
116018	614139
142581	607249
15992	642256
39555	542460
75917	538669
203365	549301
25095	548575
502	553464
195008	645252
979	603384
56125	634087
73927	594737
203499	592568
190900	600782
429215	675772
478685	670861
4275	583040
14586	574946
80243	594661
238589	549356
202875	595936
13016	598018
258731	569038
60101	603636
333852	700593
151292	576785
397979	543431
55602	600828
198494	659145
50508	571642
91655	599744
33865	586103
60246	563927
42552	557844
10138	549434
53017	610553
198498	648832
193910	645758
24159	562625
57314	649140
74087	606451
47326	638078
202301	653034
214107	572092
35319	576045
177506	533772
17552	640664
369532	764248
37937	543087
5431	643851
199278	577915
24767	611153
46707	601916
181	550301
49307	584004
65086	562821
197782	547441
15751	570738
30381	561985
152938	619479
45071	572946
58179	585808
21039	587951
203919	659472
44747	535544
51482	531505
66685	600617
199569	630792
22511	616598
97028	618589
18599	536225
40989	538145
198684	620925
144103	657790
449702	572617
203809	546792
345373	604713
202449	644626
427011	711216
32125	594491
50021	569644
202985	588986
18339	562079
76952	533309
60794	621993
8021	587976
65137	574431
11024	647758
52061	610269
56710	608594
36902	538290
192653	593655
203387	599459
127867	531413
12815	612694
30263	528115
322162	603804
74920	529304
56216	646239
116874	547446
378091	666660
59170	594824
38611	592074
63382	536182
124316	587585
77878	533825
286712	560587
204501	602461
60356	615398
39819	585056
224358	599547
12936	593513
45274	541556
99212	577856
193414	583072
49378	577667
50958	547741
150369	649901
201249	652500
11791	623617
173151	636813
24665	599920
432741	667408
11355	576950
399	635726
6566	575096
436153	695427
102366	538531
40091	535393
427051	720893
364562	648654
13578	560410
38019	588085
8132	528790
8706	578531
196077	537917
62261	557372
204130	651716
19121	590011
18453	573934
28441	580624
368705	730996
8893	567267
36765	647024
56636	565779
69072	598139
425893	713728
75355	581520
194003	633314
18276	593733
247757	630181
5241	604134
434605	677546
369558	677613
66137	533022
62066	530093
60114	570410
74823	623000
203642	583996
41598	561719
78195	609741
39728	556721
8028	564541
48543	661270
42099	602314
202663	545406
194442	570840
21335	587385
36806	588524
30657	611675
19749	585539
425970	736152
200666	636281
38937	560330
199652	644909
434145	764920
24571	531273
142312	657060
49599	610103
195730	628954
77773	563800
40431	539204
15887	603643
93461	527008
287951	530675
130125	617857
10207	533641
97419	662433
39956	561599
68672	592258
20602	593490
198147	654093
42994	550977
57494	544472
117195	638956
114095	598897
229184	645822
8639	648985
73127	603658
426086	758587
193317	535597
29849	555676
61219	571439
195770	654790
52224	581076
34472	588606
102923	569931
42721	607730
62269	562584
24845	629980
74052	531934
430051	735407
53428	580566
75077	618154
29268	552898
1608	591734
16072	596121
353	663004
100242	564654
18022	536861
29500	631081
34182	557337
247182	661784
497405	595369
237755	618530
203536	558305
107127	645575
25389	533264
121633	554417
32294	541965
64544	634505
43637	623696
123248	649035
6997	618377
37809	600442
36827	577284
216566	561835
201372	642063
204014	658129
195215	654251
194460	529928
13218	592057
32117	634365
8058	582955
157238	580733
125283	529982
444	550055
429351	619028
23544	555946
19999	613920
24885	618320
45300	651505
219	574536
30040	580464
16884	585096
8645	544618
457789	692732
16350	658885
31565	552361
116191	617542
50026	617902
40139	545828
66826	640367
81190	532509
168911	563407
203275	572016
39502	574408
54842	582901
62552	565128
132273	589116
1148	577363
26056	595073
12685	566396
101109	570628
198471	570391
67719	547482
429066	696699
52936	552192
61842	560249
57985	586829
201820	642793
16362	652013
85984	639767
5527	529355
221677	559175
246514	569504
56318	545663
60157	570889
39838	625702
355549	741793
48004	609618
101956	545434
8964	533373
398081	600960
428922	732760
139008	548248
203067	663563
42806	579802
80165	587709
200818	534591
42403	641819
201062	590931
86529	577587
98138	549530
52857	611122
29374	563223
61733	647653
202990	549944
22894	555152
4454	546080
199061	579543
382570	660857
200019	594316
194446	657777
152156	542770
126237	546935
97522	543228
9268	587543
77606	650428
9691	569749
367926	757510
49	529145
203605	658880
53348	549712
84193	557882
25164	584462
196444	538117
25756	572813
370446	690592
63014	555823
171117	587683
31062	622406
55530	573903
43685	627512
14163	640151
301887	763635
129355	578781
198691	626045
39862	579288
16418	532426
66765	545054
3297	595856
195073	632790
48989	617309
13730	601920
48838	529225
31756	655318
194438	565444
209265	548793
1636	531809
27540	568745
65722	534935
321473	636113
33090	541386
66561	537824
44912	565568
20722	539097
55431	588960
52829	531702
8921	559230
202516	697919
26791	594115
46087	573748
201465	543773
124761	622242
26071	538129
282857	609503
17961	546207
214222	541547
57010	579783
435450	757088
196261	596621
88847	560775
77595	598767
101392	618510
236132	605369
28273	538265
19457	605440
316347	610906
293008	624754
64466	580885
30017	526919
17470	618932
2562	617173
1863	546237
41445	561081
198225	605959
63851	590403
198356	660712
57349	552177
185760	656804
127809	577822
216980	554171
27173	544438
203913	633809
200365	630428
188070	560993
157134	625363
46306	557883
20440	599957
29843	542082
94729	578388
53662	586568
364951	748179
76445	559659
139890	537101
26250	579341
44987	557481
77768	563305
55666	527715
3137	661175
49137	583792
31931	549916
2060	580083
202767	636123
194980	553941
198666	657133
280294	617318
203321	556102
203284	645086
48267	599820
44329	632374
42530	650099
65688	526875
88539	617398
195502	624348
34140	610200
203050	555734
55677	615596
56898	645334
26370	584442
38491	604367
9272	542942
32494	634651
24428	530592
61943	556907
34551	599869
144482	643481
39743	533361
62410	551214
73967	560506
160832	553461
3180	600102
14000	641903
62536	576810
46378	539926
245199	583619
66728	608154
199778	649525
363212	589242
45719	592913
77457	577235
109427	647915
435779	765396
52863	528310
432593	743425
1035	616729
163519	569352
2315	618642
131989	613962
145338	657039
52696	626802
62112	546861
297056	558673
84127	531056
33111	556886
430519	702940
60290	548170
15468	632811
29318	547377
56393	549820
1300	628247
141386	589917
193567	647368
186821	628895
63325	558555
12326	553513
133589	537876
33174	590080
21149	633133
196372	594572
14343	602892
35895	544568
54748	621509
166207	586482
5576	611910
1866	559195
405657	597715
20872	541961
35748	554848
7205	532703
57866	614124
129858	546346
65258	531259
34106	548488
53975	632594
202199	536032
42621	645134
66821	617353
81275	600088
32973	543704
198237	570336
52090	632243
209116	627996
201386	636109
176945	581900
45096	610640
11062	566622
44919	554482
49372	550828
105805	601362
24165	598859
38472	558474
12455	534897
116090	629390
7240	558105
23753	545105
49244	572811
1118	526396
115173	576114
157436	600995
42740	561852
63346	531398
59802	528225
7438	589463
49706	595578
200011	525898
8876	598918
195343	575553
13737	570649
350030	645868
35808	583634
167779	525952
213276	590171
459131	741643
29813	550199
95768	571824
147771	560559
37422	542583
11423	579584
86928	541766
200841	641559
49117	567226
37043	547873
55919	528178
112842	602999
194224	645745
32364	557237
36856	621433
63561	596513
217012	561791
194757	640556
124334	573443
60168	607332
30678	530368
1583	534427
308227	535403
86825	629981
38588	554462
12950	557870
202821	555332
196285	650758
128237	599030
2642	627884
18291	558553
41037	565641
72446	549579
520981	546171
137034	594045
434198	701050
49595	538380
65633	573005
179612	594264
61215	530279
40070	537423
65262	617001
1077	532101
199613	595459
66383	568752
12227	534676
200228	527767
17071	580812
429980	669415
64342	541274
12677	586679
198628	563603
10495	558831
40957	561875
49316	557310
58306	540010
33398	616766
51167	559544
55095	566687
38272	554596
216966	574757
33257	628848
18666	530719
66533	566261
17305	648580
9055	546646
4002	583760
22414	535661
112575	538967
21809	578300
202366	595157
38189	537093
338	656006
44172	652020
9602	530444
60348	593996
30070	553563
13866	560104
380424	580329
45168	590892
198755	607619
43540	597499
98567	527446
199004	654613
169786	548492
131996	636055
194971	644735
201939	582755
87574	662264
355358	722168
70740	632796
198333	534088
27273	585724
8836	574583
29802	621712
69803	581402
6471	596723
16169	647720
99068	645498
52212	615382
38514	573632
8516	612964
659	540235
36078	558576
194877	611687
63898	581469
86267	530941
26467	552159
37889	589555
8936	648006
107831	653450
9216	627698
238786	736633
46221	637522
54964	531626
279331	665420
166711	559848
111088	629085
202073	626244
27398	533522
73097	640637
198633	639126
61707	540660
85462	526936
108142	618509
198503	651741
135077	548463
38326	578423
47115	569582
29430	545366
89310	586089
201494	612265
34948	579273
31836	615442
45341	532002
194602	619569
218579	661032
17704	554281
73629	601508
23278	547888
56853	530256
247774	649452
26407	576186
135864	565932
8846	598752
30519	543501
23745	616192
63966	615152
9292	613018
43631	619699
78131	548090
521430	554408
102986	588228
4498	549030
165909	550676
15248	556997
50280	568634
995	594309
24153	630410
429047	756179
21420	643829
198680	533930
195937	657100
30894	600685
11592	641057
49091	621533
159684	547090
47370	596096
33861	540039
199840	656686
88410	587544
58995	583955
34279	557228
74494	562415
108303	534625
36170	562666
38413	548744
43231	572291
33635	589652
14362	555238
88096	564213
77162	590169
83824	618357
432985	750870
47608	575195
34625	586717
84635	605091
66911	655204
167558	555281
977	533976
4440	602566
100994	548365
140556	589071
38432	540437
47484	636938
1966	604154
39754	566185
39670	526038
52813	608146
19127	630907
127726	663055
29505	574975
200799	586088
33871	542145
203435	547276
195942	592542
10967	547415
192940	620116
6705	605876
31442	649485
27831	577217
57923	575635
368653	734846
168901	582272
216915	542228
67799	591760
22212	640351
22518	546695
56811	591036
12766	559995
59377	564248
54953	539460
57123	529971
33274	560513
67551	534076
26796	548859
117604	583223
193919	642763
36137	552493
34764	636553
153383	552224
213172	544146
12501	630314
22135	598626
33238	630478
25622	578006
67266	558856
28363	601516
237241	656647
45583	593555
64407	629774
434914	689945
27529	534875
9156	649367
255089	539421
53389	545103
41549	556359
357112	754165
435675	667603
240163	565353
39056	582190
9299	636486
19565	608853
432610	727611
55126	526243
28237	547858
99108	608578
76932	555417
122650	654755
55703	577765
14356	607175
196349	642117
150962	568476
28397	555481
59797	558649
33591	571662
62893	550831
55709	596083
17454	575254
29673	613518
9203	537130
184130	659782
251026	575040
45378	568962
8871	540860
18924	548356
37002	548508
290204	573543
207851	560840
24397	542786
72828	543844
12042	617670
203633	564828
116582	629512
6623	592031
196410	647822
200411	567987
43714	610672
231401	591249
31975	584722
199998	662709
91652	553971
49604	651504
22371	593937
203332	568842
201720	612862
1557	590401
201381	531942
436060	676104
17403	541954
19349	562796
56033	547655
24284	528575
68599	544347
74381	554016
37239	553044
202777	560178
31752	586511
52149	646796
72137	539043
197596	661520
41486	573422
224471	622392
204068	574112
117948	621074
11460	557039
47063	569451
23664	546468
59465	639817
195916	553038
14490	592214
4009	604915
199474	655008
22267	567177
198947	581983
3312	659328
78792	552672
66069	628819
440	544366
50184	550994
368975	702584
278568	614256
120312	648339
6794	550036
590	555784
50031	572487
26023	611702
432767	690283
65467	585691
431296	748335
75274	525908
58665	592996
109212	630289
17617	563803
3940	530142
195774	633778
4849	529385
56887	608160
199927	609030
196140	553232
1739	600220
2819	613499
196124	626067
138531	579040
25946	541882
193135	590178
44558	577568
124557	536925
241524	624959
28525	613441
794	557256
57734	566264
431103	715268
48843	531315
26418	560387
65453	574098
35563	564175
37655	536722
203412	660051
116604	619829
203359	636276
2611	605313
62061	646941
193709	658315
29526	574186
54597	538446
203693	642355
34246	590054
24502	588304
5546	579850
202359	657835
5864	587609
89660	624361
58945	556099
75962	554804
433582	732798
8830	582307
72223	625190
429078	757793
158190	584563
426968	671399
370415	752190
79538	600218
24534	560687
36474	559401
22968	667735
98616	608173
149869	568947
37226	543922
37943	530984
106168	564035
196001	619946
78	612653
302875	558049
12660	629220
44070	532957
69484	556843
44734	604465
429999	763287
26720	583795
198158	648805
44099	641838
39631	531366
365636	565082
54691	609027
61980	566120
38770	528110
12985	603319
57359	624564
102239	571715
27486	553026
344	623927
40466	552185
214978	662133
36156	579185
131084	555221
39981	542808
429992	748537
36003	588247
250728	598330
203874	662372
203143	634932
202223	636020
105142	548212
40605	607688
50773	608995
201401	575907
178581	600811
8891	541104
8868	623821
80869	554886
100631	591105
19262	543849
61436	574982
22306	616654
41286	575848
46936	528902
223430	540954
34170	651020
123570	563547
28631	614034
77580	529954
201470	595532
99753	555568
110754	557607
82824	569636
40473	543258
44184	571347
116993	646003
25177	559443
14421	621634
41883	607135
23715	654273
224490	615536
46366	542703
30968	550738
58290	596250
32934	542656
61078	586004
83908	615188
14687	655716
55691	528525
305153	628929
198210	604847
194743	638764
193689	654586
44240	547045
203964	660283
65269	615080
200821	591797
202572	531789
4846	555999
113212	611130
219221	593643
33059	566084
22229	589815
49662	639304
96707	622897
2985	578477
13431	600956
56594	591372
32626	568421
73670	604611
284629	616068
240606	699269
8062	609530
58974	532165
18612	541495
45836	571906
56420	565579
199152	558030
21595	615053
202228	615867
367869	654089
60897	598815
47431	552810
44981	648748
65285	545467
1996	575593
55574	572404
29090	606343
71017	542434
204018	647146
63753	555381
60587	620716
196581	635178
54091	587255
18	530128
39380	548318
252142	580939
42514	634677
49543	552971
160768	647733
16318	584825
19324	552474
198196	660742
167562	565266
31378	656492
101815	543468
203016	647227
502929	766631
2815	640307
368274	740072
55234	556563
183680	724095
68442	539162
44588	556272
44117	589485
41669	560502
58764	527871
60303	578771
197770	613539
169	570702
42393	576019
43457	607736
40497	578496
96414	529099
6593	534382
11210	567422
3541	639851
14086	642912
12201	613060
44563	622904
10618	535231
391399	729084
115571	529105
32065	528991
54361	542143
12131	629823
51490	537644
8826	556161
56954	604044
33390	556770
201663	600803
197989	649058
126667	536102
359417	640125
838	548156
49717	624614
201947	589576
204230	618117
36118	550908
72227	606057
74826	564454
368659	741452
31446	609963
117325	589288
79081	529438
13144	616206
59631	643535
3938	570807
2002	621694
365400	655951
329766	577824
28919	570880
196586	615023
42379	585490
195485	573823
48916	586175
56267	527097
248576	591407
26771	598764
69031	611200
204107	567463
200932	656077
43027	534421
22698	567169
29773	599596
44889	640748
426600	755188
28965	588557
24507	591364
237	651960
77591	538836
196219	552921
195680	652529
2346	532930
18010	578408
114307	526402
160121	551251
37876	544296
55470	558431
51399	596826
63683	639127
36391	603688
21698	589431
924	650235
198111	533508
11552	547138
195947	640836
6570	610785
3941	657447
18624	647284
41300	567483
203820	631860
126	653491
201866	536908
193790	615822
426795	754894
57708	525838
197985	558185
19301	630656
84304	596572
197802	546741
2008	543808
144065	608688
40193	559662
201057	527001
32423	606725
171011	568864
196367	660179
6906	545781
458671	592873
59866	577203
93840	581688
202035	530546
86268	580589
41349	585440
33339	561183
56084	553842
1172	649793
43656	555506
227855	651752
41499	529530
194682	529347
77611	589897
12721	594679
27660	601417
198530	639586
45057	656759
1686	553197
50138	630190
58155	558342
54862	553748
199035	657702
448756	561084
27057	557460
59969	532937
7908	545604
194336	652064
26825	526046
196490	546604
29281	564582
202205	603860
55	638098
120888	574177
8996	558665
43079	625400
31875	613887
199275	662823
53627	561386
48099	541383
76958	643164
25798	569587
5528	644346
259188	659177
69369	619974
150587	556252
198176	636577
31910	558882
56453	536019
39926	547666
22016	543215
203681	603369
57299	537170
103400	612814
224833	655272
202671	645265
72593	547204
37756	549235
50369	577059
46735	534677
52427	527485
69074	619958
33355	550514
202281	642325
31740	633963
67139	624013
6965	654509
24812	623509
19778	559192
42891	618391
63554	609164
11863	654954
45360	601439
201177	635942
33721	618421
912	556740
2078	603396
54850	592220
60772	629596
36578	632768
48646	631063
61411	542430
369229	678457
53704	607996
63732	552291
14895	583080
43772	530663
263452	526127
35393	609731
35922	641121
431209	744254
199439	661926
10946	591646
62070	611072
5388	581459
72512	549462
69921	574439
59487	655850
62000	601122
75717	731285
50638	539255
201066	654329
305266	618004
61225	539529
66667	589349
16541	541000
73230	594164
82922	557508
48177	548442
34869	623244
89658	581721
368608	745610
131224	615361
51015	606491
71827	615929
368035	737878
106903	618057
111071	634925
13404	539835
45366	623367
57888	539894
200417	597598
24026	557437
158436	573661
9105	624832
91861	597751
1598	558940
125964	570959
29897	546865
30974	625010
80363	568419
202636	659155
42746	600234
9392	563247
39833	547725
18800	598091
12461	588597
63535	615060
26614	596682
19544	603930
54304	611046
57681	580648
199308	637638
199870	572031
38736	590944
196201	558443
1444	552901
56642	577800
59282	565396
55763	593157
16568	616975
45977	560895
116161	542903
400003	626600
132016	564024
200746	618820
37063	603793
2767	580822
239061	551245
61110	541087
198163	587873
78095	569678
40638	540595
30328	614897
19809	655764
45014	534495
47281	527995
68089	572305
77707	573901
73386	559610
59729	616499
114348	542539
5266	630264
6889	548096
56153	609921
68022	555931
62045	535674
29037	592907
198710	544208
108127	534601
33473	660685
59148	598677
9728	580702
99282	592729
45523	541558
62039	579667
59808	544544
255468	621977
213113	650647
25322	551101
427341	713521
11984	641053
180639	618890
372829	525874
1547	548538
147868	584120
87074	564339
35448	611634
49394	626743
502233	558978
302307	565315
51556	563078
13927	616489
55902	596701
157860	591330
8994	574316
101919	557191
106124	578638
26940	572173
426803	750429
26063	627072
60039	561465
65659	577905
47140	539738
21088	623601
57319	610430
204028	649550
7509	581406
81338	591511
201454	631731
122618	623496
105227	634347
34531	629175
19551	574810
1119	551815
51538	570360
199469	639699
369499	664571
29924	578291
14229	651541
79543	657712
201988	615394
1714	539549
93896	589911
62715	642920
157868	583850
12876	584538
4406	558705
59264	545669
193888	655424
59199	563400
69821	546840
11093	583609
200913	646753
369577	726558
195333	639662
200458	662742
197707	604647
203672	637502
28109	555075
121459	660637
196334	611757
36084	573151
85542	529978
57355	561944
1562	561580
69048	615351
191655	660961
49626	565034
329836	626490
9477	574374
3664	583014
33794	553874
449539	575471
4947	641585
87389	614906
203657	640461
47055	591326
2073	580729
69014	639491
368476	768106
50900	559274
199215	607855
71402	606587
19053	647086
367989	678754
59704	594411
132478	645705
3684	544246
1867	548968
35868	633206
57074	609966
49355	587350
26922	528040
49035	561929
4917	543637
198168	605330
15729	606397
31195	571809
3788	639542
48114	600534
115321	533486
9423	586781
490135	711755
118195	628733
50587	541053
421627	739673
54042	571214
49297	565762
194733	603360
40546	578675
194527	533354
108638	535275
53796	569241
171820	599468
190371	618732
14294	547471
41229	560168
200581	586563
32451	562934
202115	648317
27371	532909
198489	575081
66555	594879
16312	554285
343436	651420
61202	555683
775	568446
6904	567600
15000	656280
46407	580767
42373	587320
31474	643890
197592	636799
40534	538558
197761	630869
2030	526004
109043	551915
6666	567170
17126	583960
8347	583800
33065	570622
354372	755203
44145	584579
106128	566814
48093	635384
203804	598533
201450	658788
9343	611607
253008	721304
66240	646903
34506	559168
62487	534462
30793	572280
40950	548870
29876	552237
443415	764386
83639	537762
62531	537158
53086	543402
200290	608259
436210	753035
21175	638074
62831	579714
277780	604605
57467	621655
35177	646350
1112	553588
176028	587787
132645	562046
49752	640519
101915	589648
357436	622541
79236	627487
199876	620556
81437	592780
201798	660777
198412	599067
26135	567003
23189	588743
3118	615762
73991	595220
51569	582665
18661	615511
19375	559739
366230	726704
134149	580697
370338	679292
59515	565911
434225	679132
35326	571009
10602	539151
198004	619326
31514	647771
23762	594590
5336	617955
1397	533092
16085	572131
103629	551259
55397	633041
27582	635728
37554	532402
12003	573254
118521	598428
40724	576506
41827	624940
167127	534321
14682	574039
2731	561673
165611	620735
16391	548502
21734	607378
51861	625282
426953	746866
188610	704346
369048	678404
39944	561324
9109	633576
46580	638151
203638	619249
204203	547929
45883	629621
32044	633037
20212	527904
43955	632309
13823	592108
73245	553323
260719	528882
24852	570276
91660	542533
29547	623041
993	617591
199952	530681
11391	562068
1130	589190
70197	532200
30668	628637
13513	533206
123973	574247
197669	660024
146738	595825
73530	611753
201767	602229
152319	621958
458319	726333
56099	585662
84485	554305
22463	592152
2141	656446
62280	533918
27986	596643
16994	560300
10682	526616
373731	535228
54400	659165
54782	591993
76467	535210
8950	654964
52906	566861
11043	526586
45684	604296
121298	535382
426199	730243
8688	543006
49439	577198
38805	547492
7569	550403
27560	538018
194397	625525
193659	564131
23638	588350
237350	550760
199842	606906
7449	590848
199578	661412
198893	609781
31861	590823
8974	575619
204239	573926
51457	534729
21201	549921
10516	545449
68582	553024
17878	585606
93393	593556
282082	607601
178621	526825
201905	643929
14675	590635
162407	634319
62217	535988
47713	643180
38878	527325
368587	675151
25113	528038
31140	635619
26384	557990
70705	580597
9445	634133
9447	623557
152463	632253
66718	647314
104741	630316
325344	608637
24546	616108
30488	575257
62095	600335
30220	540179
58417	544194
83591	618735
28743	592303
24922	543878
56498	611773
168624	595963
248903	585112
103573	648897
31819	556657
12374	561047
41634	545267
195365	639540
9958	586705
13352	607273
105997	548226
368581	716932
101795	600412
8881	583235
17538	641478
22711	611000
47132	544300
85946	610591
12893	569382
15599	552867
41066	617671
82318	581948
237404	583315
45821	545995
201349	655613
53258	599007
34562	593631
59719	548255
131955	616800
67227	599726
101641	628437
122638	631284
347847	679268
90884	529659
229156	661075
194761	652195
3889	609785
6510	628290
196012	637889
10041	623166
351890	743388
17431	594474
62391	625079
162127	605658
35134	601528
51056	601174
230236	581616
63527	609241
96993	586018
65611	624383
18705	555844
35743	570426
162220	558158
29862	526971
65790	630975
42034	651489
36379	650011
47332	629243
109817	589616
60516	634815
64997	638480
22531	601842
65195	531634
65776	555199
34808	556265
165431	616516
25724	570077
112622	566116
21056	540244
54059	605516
425384	727858
34767	561787
34286	644111
29345	590850
28329	566839
121483	655516
8244	556268
53964	574686
145853	615317
33403	569705
11561	577408
50226	572307
355526	674398
199443	644414
81579	553291
203591	618818
203279	613772
25352	627390
50344	568240
71205	634565
46209	598051
72689	585231
27088	583314
59035	622265
10478	541825
77486	612830
9708	595642
194965	649735
11878	549658
191860	593258
13246	592251
42945	607762
56251	541308
133708	528476
64802	668584
297754	750967
198589	646102
194577	638664
1197	531175
49509	592731
52969	588659
202772	606277
38164	578282
68877	603986
197738	607231
198778	704169
3383	608414
201711	570116
237972	533236
271696	601820
15226	574597
61903	588292
131406	553011
62613	581970
1441	530490
171	565688
402375	715823
2903	643940
193896	623780
146261	612997
165855	548219
198973	640624
48327	585272
60406	572395
195996	580998
50463	628725
48880	584578
18545	554814
41342	569042
38126	541370
15201	598469
17812	582328
23460	594816
201418	534754
43040	527725
198222	617132
35119	611780
392061	730105
39984	621062
20332	541170
42941	612461
27631	556941
49191	530203
28247	585227
50384	574682
433847	672946
10823	565681
232721	591173
48921	570108
41656	549980
52896	659298
62055	537511
200217	552915
464130	720465
20281	550326
112235	630993
203961	620771
368698	737477
53253	606104
29972	583137
431110	685512
203887	597248
198585	640298
152668	548839
103365	636887
196007	637508
200262	621139
247581	608953
33758	559258
37713	600469
76276	632944
195177	641255
10975	545973
46388	575998
137884	595374
226625	626715
32755	595060
42657	637045
39921	530264
80249	609861
60180	577692
53291	556371
27896	586715
19677	552188
41761	549408
197712	635765
1261	544285
264816	631042
70635	568708
37200	618546
195028	541125
32238	615315
195750	644932
31416	636902
246754	564562
352126	724752
200682	588133
70651	557688
4652	616006
203179	659963
30075	534771
368316	740393
9560	650700
202338	585215
162835	570395
151145	583781
42924	567245
29585	527217
53788	575715
26455	574675
335514	559540
53285	529059
8977	627593
54455	584402
43297	587360
84894	531224
27863	536868
142221	530114
38244	550273
368719	710116
47534	568563
77844	532687
91650	556221
29108	599154
18144	554339
368738	754223
18137	547256
122754	624949
3961	573401
1492	590787
54538	629325
60645	560293
199985	659286
198486	611252
199048	539299
356730	708218
27100	624849
42668	640621
155058	570141
118056	619178
2412	564632
55785	560892
60921	538765
154098	592847
59104	552602
201770	574017
15451	601140
44542	573985
128029	633382
118226	602046
62382	560481
27931	569627
198262	614782
29611	621562
65173	540033
77329	570971
40443	563186
19793	648016
46034	545832
193073	583903
29537	582703
53060	551534
66647	599567
173323	576773
194645	605531
368600	735955
22174	624540
11306	562108
203197	650847
429879	664776
60493	651404
26140	630214
305409	615702
44725	540419
36385	532319
27094	590102
33181	621496
21828	611145
48011	551626
1818	528233
39875	569312
56676	586748
26147	598840
5689	598614
57783	584131
201909	661371
83192	597900
65834	584598
6271	565999
18074	531482
44427	557971
46103	557149
55151	565015
34757	641183
30029	587713
27760	629237
225663	646667
21162	549274
87266	625726
23075	610750
54463	621555
28218	541207
22390	568694
62027	646981
70000	533691
367983	706171
83647	553675
63506	535642
20411	556038
21958	594325
216574	604150
115809	566768
151019	622059
35195	548704
58405	551905
5324	566047
84793	603058
69294	578013
241961	578438
53396	546532
47522	552515
20867	527894
42845	542696
112015	656045
120916	588599
25185	559011
96699	551616
27230	534196
70624	622871
360493	538431
13090	617455
200497	641925
651	542154
193723	629254
38861	582787
4320	585944
53117	650789
201577	649924
59950	577148
95848	527507
426694	723875
197982	605014
39589	632639
9123	561447
80729	561866
138275	544201
278777	643788
425902	674428
132569	643523
50135	553597
75822	573565
93073	600831
195763	572767
195036	690957
33251	593420
24872	572309
57555	661275
3093	574271
62886	576500
197645	606807
199422	635392
9748	550332
4839	661993
204143	654247
25334	636538
12822	542338
57106	628651
36733	534343
65299	536654
158	532469
65697	587203
50143	635708
44548	593847
57823	587695
247437	621620
128929	541999
66331	580147
369705	764553
133855	526622
177489	531542
57967	587801
262367	667356
37008	558375
37586	549528
194888	645403
199603	626146
123295	584502
52849	531691
9185	530881
129905	576222
2689	648873
8710	558433
176248	552330
39136	531071
990	653250
70743	583298
25743	531598
425999	675336
201298	659932
121614	665983
38050	560924
202750	598945
164208	617719
209968	553085
62559	575638
311546	590896
89041	691715
40820	547955
19451	554725
39263	540429
518987	642790
198094	528887
170205	663238
54551	636073
261371	588037
64237	634140
111940	579672
19217	573323
41586	545729
57756	537525
195989	545747
366239	611313
38153	574104
62646	561098
142066	659182
157703	576029
60528	619214
40854	541903
248905	654014
196390	593452
65228	584075
84443	541673
29127	566653
58361	606067
31333	603440
1466	716289
195180	585286
54870	548390
325	581667
56878	559448
57939	610590
198467	650781
65866	567202
44950	541424
19100	542005
46916	598208
33984	626483
180963	587541
233565	659821
195745	629218
58703	640802
49621	588470
2446	569183
6703	629940
64390	607024
34776	614474
1155	598352
199545	632007
46267	548058
41679	583030
202319	582974
25137	550262
42155	590483
29770	554349
57651	601994
114652	608654
51576	530686
61854	573524
125711	531089
2381	593577
44700	562904
432978	708415
89522	649624
283288	536015
61562	612289
32225	607343
203149	619314
64443	557671
2204	557687
196363	572204
21096	622969
76388	631160
66417	566151
131341	732348
58164	619270
3971	588893
201614	545617
58517	549663
434883	699637
48548	601988
237290	542346
194696	627817
22002	615439
50567	588492
15241	529518
13190	598004
45122	607657
30781	588453
155544	641742
202024	662406
54708	609722
119181	651997
5536	593636
95290	627966
293210	651624
146102	598796
119408	648536
21853	528208
202692	526668
266737	562546
124287	630832
210152	582115
54109	535806
22558	531351
52773	530452
198731	544559
30984	525932
104671	591569
110723	656982
197860	580876
200399	605740
61034	645092
134549	601752
961	559290
54215	630754
497507	672366
194345	546297
96406	576630
115630	560979
4887	594594
484153	697891
73406	565048
57364	637970
40151	575334
11008	571636
52671	566367
30621	554617
62374	635099
309359	601948
243792	583231
199534	550448
1138	547988
58873	547726
57955	578546
55111	600893
365428	556810
201625	652878
108807	650205
428951	669098
57255	569655
29457	534652
1205	618243
98765	574794
100495	551708
200461	553809
435116	699288
975	566439
13072	638850
28347	602420
15717	620798
67135	612662
108413	648768
142307	558801
190177	642808
373	603218
26509	601168
26029	620239
9452	539937
30626	644788
49559	622571
364520	623201
214130	530245
14826	622347
39525	554378
9197	582956
48865	544540
45374	638388
201213	544431
65460	577944
194053	574328
151446	606788
15633	583002
68839	610651
34692	558812
197560	537985
58960	590153
1684	574220
436217	721840
29238	635916
196270	663163
433773	749639
368341	739728
943	542340
201307	581415
237967	548565
199409	622311
152732	556510
195160	618299
76264	529757
42690	530414
152966	570691
66640	576477
34840	581859
36162	592813
17985	621773
355510	719277
28289	620262
43268	580088
81322	624102
92513	566214
93410	592498
80836	561063
129688	572462
1463	594774
200788	654382
159985	543335
84454	614243
182650	759246
77648	556190
177524	640471
8291	604254
16805	651881
63614	614587
77584	572990
28826	586978
249627	598608
458490	599880
34293	578712
39077	607072
36428	584948
37030	592177
197582	658192
9536	592063
198845	646696
53860	540171
9482	557028
93926	575001
279952	647861
33325	564373
58029	597303
435748	738197
82631	606181
221539	639188
204234	586757
195155	582306
368678	719586
201761	658190
46064	529700
103325	668140
107209	647640
163979	659789
42595	551658
112	543513
9186	542141
43131	593813
199746	589933
35980	566331
47176	629285
43993	613208
63996	630865
368569	748449
211146	614722
199127	584471
45961	621540
58446	559240
45435	609258
9721	556347
4055	557659
18181	536480
1789	634645
39231	586804
10727	529181
74238	571410
29746	582013
16114	532545
9024	538869
60315	568573
183090	578568
35815	545289
84233	535777
77656	537176
197930	660388
201815	659517
39776	580048
13830	655962
136280	568959
5421	593203
23891	617169
9281	590462
66529	549016
426678	729159
30887	584211
432797	698471
51033	597528
4689	590550
39072	627016
55036	557837
21930	592355
19015	607858
356703	744662
194358	577771
52758	583814
202620	648075
46993	565113
199808	657464
78304	609198
24086	577447
284335	597873
52262	566788
55073	545885
198132	661669
27462	558377
20417	570467
52797	620647
52189	560166
199038	615217
138660	540719
8525	629620
9191	569906
198825	642196
476693	529422
368770	766549
160403	579043
12809	615619
34326	641596
136207	536195
19530	604949
203234	562811
409204	700048
57855	622965
68013	579785
197774	650637
434096	678792
26154	613745
59006	529534
22445	612045
4450	665474
151494	621898
63311	551982
194693	548632
64038	539349
196639	636659
48563	606924
3060	544022
61914	563416
41155	549255
163108	597101
27570	616576
80864	595029
38406	571694
26521	614101
60175	649845
35185	587314
200381	601338
27440	547293
65854	584153
77634	612018
64057	614165
39168	527295
40628	532626
19280	636409
98145	616941
8451	535697
203337	646502
202919	610623
28447	604440
295400	648163
52950	568803
151026	606003
203129	648404
1820	553362
91971	557223
2733	544099
41281	561033
200826	597346
28799	605321
8208	544881
21452	527483
194986	598836
3140	647558
13619	602659
83442	571352
157930	552383
77508	537849
202974	627696
126546	564177
26868	546508
9095	553558
157142	610452
58338	532039
1920	616674
76721	539142
50850	565847
320362	569046
60253	559949
25718	541659
20539	594820
33223	654562
80262	662573
189763	604255
49157	605068
77428	533902
250343	552705
52664	597867
33313	593078
7880	565459
89907	587804
44962	549605
39583	527640
38884	539664
15907	603554
29978	554342
73894	608790
202809	585384
22903	584171
200318	654079
8475	532743
727	604152
119647	599389
46587	579736
165948	546327
44399	608939
87813	569810
247754	646085
36023	579334
26528	556513
46608	589186
26550	595014
70531	606654
201970	624021
193209	661938
145658	632016
82345	541115
89517	560907
61121	640150
32406	558822
2411	626780
26660	606142
250329	660015
66652	618332
31398	571630
4309	566913
73924	550192
63646	606143
25403	564715
20047	574807
41846	645748
60003	556060
43283	566470
13585	583638
434394	741313
5535	555048
62709	547353
100963	550239
121767	634218
124503	531349
9484	590505
117278	580778
11691	590393
20938	648998
57471	608150
175383	592629
56325	533889
30128	573810
4001	619611
198717	527464
7954	532631
55420	599249
60069	595257
66694	598655
36572	553487
29101	558531
38549	578762
43899	578551
199859	602151
37054	544769
55556	550771
28806	555917
1135	579686
81809	568186
25628	531930
282258	527034
203262	568626
23738	541099
52404	606619
60224	630727
26971	547637
24678	599207
576	650383
42093	559957
64230	543206
134006	536290
203192	629851
97630	647330
38963	576585
27505	607914
206970	538581
31105	534538
15520	644921
195397	651283
64454	527215
261451	611915
4771	534832
40330	534589
406607	669910
199194	653386
58685	590813
431201	741726
217635	616428
10022	633448
193575	621734
19672	567995
18036	557399
40900	562020
33032	582520
34046	635882
3632	647597
147878	546370
165978	564992
43893	607419
18808	586399
201338	563771
204078	592350
15381	571735
56619	598027
65655	530074
368819	731010
67175	536991
2051	530028
137358	538076
194513	558320
49367	546126
2186	576117
122949	550311
57576	550564
58559	552442
368504	716333
36304	565370
196172	607975
11590	542394
24179	592682
180824	540376
14518	645294
58146	595016
48604	581726
33053	617035
278363	603601
37961	590209
42362	647995
65326	549764
40119	525934
10918	610704
29511	550829
29339	646360
49123	578800
57928	562883
194488	647468
199172	538838
31093	534613
47938	532241
75862	660923
44930	576020
64348	562536
49096	581233
22246	610216
216726	608971
53676	622001
49835	536378
141282	759763
89161	590058
204073	618885
22769	626650
76666	612005
41166	566745
14033	551170
66592	586770
107987	578068
46657	651880
24617	560702
425752	755084
199783	586279
159464	617448
74059	564006
66	548814
27588	554469
57162	546753
62345	557973
21075	578049
77175	545254
27772	543718
61668	527448
54477	573659
165691	658354
58932	541202
196495	576565
12110	544946
216703	605730
203492	600059
13525	617774
175200	533895
435660	687244
121516	536415
120677	569710
27018	552619
3903	570249
49710	583651
51274	573314
15639	565088
7898	585128
43005	559900
38723	554427
44791	622494
5172	537375
60186	600054
64223	616348
65304	562996
77330	528586
198783	661130
1346	578697
44462	600973
34053	649087
201792	600914
24635	616934
432117	743468
199830	614340
94612	616874
247564	596919
210041	696732
58880	542556
31047	546987
61639	607093
22223	568560
336555	652304
108642	585623
32947	611575
200642	648104
203487	612611
165681	628066
5080	604124
209267	645733
195434	633642
193752	535192
38944	544302
237735	577188
56275	631287
8240	534200
1243	541723
47021	631286
59619	583830
368426	686796
202155	567762
200451	551859
16374	631772
46059	555150
21402	593074
201645	549280
198387	562114
151268	545132
9555	667869
127458	526233
80230	559355
61194	530979
236850	709403
195661	530287
21425	607111
82396	576594
3666	549903
31949	570678
195411	607597
32536	546555
58678	609613
18815	636880
74009	551542
199167	657207
272301	569394
2640	542283
8724	597502
430121	721114
473366	730901
177518	597632
81196	555653
23217	587844
80888	607493
60075	630988
159606	667713
433019	766601
52123	576935
7089	558920
481452	744472
10890	619186
47547	654992
60171	608933
243773	636731
130918	531148
48023	638611
49127	537605
42175	656641
367900	727693
429343	750369
431071	756981
48665	615825
197890	539078
22914	613155
287319	642687
26340	564659
53600	627336
198401	609461
9538	588296
138601	577401
198452	569164
87458	626272
77795	579872
156745	652936
434067	684115
3805	601655
14	545550
241071	766682
150894	545644
56949	570757
200491	582437
27611	567396
101830	539943
7744	627619
195328	634729
310860	558617
136320	652811
64095	586716
51589	595259
25005	547630
121957	628635
432953	745949
129925	588278
26449	602513
10257	554044
190053	651510
29077	573359
62033	586648
30541	569879
243805	616270
198065	578168
130097	618388
72135	546491
40253	555472
306657	536364
200435	566173
16629	663317
18973	552717
53781	625462
29937	618178
26436	528666
44840	629736
6462	657716
65860	629361
85912	580454
427509	753922
8050	538888
12777	617386
27167	624893
61067	618034
77713	613024
20944	587242
78435	543826
130699	657908
40763	629420
106863	652313
193563	634461
122181	598489
57128	632989
200029	538464
41248	561408
57262	600618
9823	617643
157595	582406
49954	556727
104031	529604
369469	722294
37623	565135
30563	534973
59915	544230
36937	560260
194897	595321
42436	528081
2013	611204
61583	630084
359062	721142
139474	559222
47631	604852
56017	573295
83547	542169
55650	534689
58440	608562
30924	633603
6064	587753
430525	707192
12075	604169
54883	552629
430128	749711
144001	613261
56403	642876
26708	575138
84400	576928
24441	610490
1497	621780
209955	562235
31037	553744
68266	599074
134653	612944
63135	535004
47646	642707
59431	550450
97017	653869
156413	608760
81997	660703
193500	623712
43425	542178
49975	582963
31089	547658
31074	641385
131905	544109
73786	541838
65787	562900
203884	545007
247792	625499
44063	550522
54156	586668
78345	603338
210004	576720
29122	578472
11438	571643
16042	653272
58777	602292
49214	528378
160991	620162
49219	568277
58810	577243
238637	624460
61789	558748
24539	575811
187697	636411
32376	604926
655	622827
200502	592607
202454	635567
14123	637190
63567	568239
87173	662969
57539	554979
27313	535780
8542	652339
8317	554269
59455	596833
367887	696224
29023	525894
57560	616445
237970	548569
194388	649189
160176	530725
369450	747071
215207	640616
5541	580646
367906	672961
12400	595895
65225	565463
128387	641027
66573	542934
411278	705592
425878	685854
193140	647181
435771	753768
15943	599291
121943	612562
41008	620533
75383	660593
196143	572311
200198	659003
7325	595482
114788	527390
58620	575535
492223	679780
285832	602036
27553	547852
368384	753260
32025	625454
43815	652330
70559	613361
39184	552641
25142	597645
14452	600513
48135	578015
50199	543864
27605	562774
66538	560663
199399	627332
59638	636943
1750	584068
436054	576815
196310	629532
137265	530815
1495	551790
79763	570460
132229	570513
166740	597805
43463	559520
13502	544006
168934	609407
77325	532139
75275	608133
75537	546006
55592	603769
30175	587859
193925	591707
8862	568609
194306	599673
203206	639216
243181	529909
193130	630776
39851	583913
12011	595782
69722	629097
104979	596846
21480	569723
66888	545892
433224	722748
199706	657496
26744	539140
203599	607266
20588	565794
41738	560971
326142	603463
167765	582854
33504	571659
23369	569090
57189	655334
19039	534713
42477	615331
62655	644030
50617	552554
126652	555292
51207	580942
35995	529041
185154	617948
237104	662705
306	543663
364870	655220
1597	639494
69350	720858
26600	610668
43737	573460
172077	549140
66966	613491
200558	556349
200037	632490
199701	565705
60777	650982
31479	559562
17213	598594
42733	533409
368595	669895
408450	533986
13968	619778
40590	569955
434985	747596
368515	730299
23303	576741
51237	562718
427739	529765
206072	740978
20138	531491
43364	633010
30526	559850
41275	595475
51003	529945
199457	648414
368446	705626
30866	612429
10675	559822
203557	606547
2391	618149
52097	527376
194728	569898
58047	642195
66621	566779
95219	575793
43034	534228
50354	627886
4853	586999
44760	536354
56626	567864
124710	623337
203080	644621
55485	536778
23148	578865
190906	614192
42838	569778
10188	599941
197678	571321
49669	556435
198812	614759
198789	603050
60400	642823
188237	627232
67380	574866
31920	594555
165561	595053
44155	560596
93292	655763
203146	658596
67254	549870
55542	569888
27576	563489
61865	594758
12979	604702
60902	591540
73812	541406
355236	546731
39311	581142
90223	569417
198937	642113
197172	574092
9210	571013
184969	661320
368227	753309
6081	632601
42163	569676
19306	647654
79721	534580
14170	636439
357075	613296
36692	602958
246605	600696
60272	577853
119356	647544
486019	664830
19203	585160
9493	617837
26096	544659
203077	635899
126125	560942
23239	555821
12618	617013
80792	569386
8651	579220
32554	569825
50893	602400
955	566212
111992	542067
23121	555698
59650	569575
151846	634680
37675	550190
65114	528323
137295	534224
63921	547862
201527	658103
61008	542870
50489	619911
37903	555517
364556	549394
27377	587785
40973	617915
43189	530875
199295	647579
193539	566545
194246	629627
43611	551494
204047	581119
27179	634546
47395	586445
53040	641946
7085	590367
53687	630786
170320	635213
199849	624866
75812	663372
94712	551309
28675	588412
200662	588939
57991	585687
434074	691467
201599	631984
54053	569269
357977	574906
26243	540938
27699	602114
63221	532476
16762	610543
280342	572648
144663	547043
24185	535586
47966	565330
32203	600329
2385	658665
78878	559937
81288	562425
200871	636896
200171	606595
31492	630862
28553	562929
96575	617209
202422	575524
81765	663366
36490	571016
45397	537648
425980	747084
34984	654442
31224	558963
56908	614224
9305	579790
12265	555312
64419	614910
39596	613921
73543	539618
201415	528408
63870	606696
36251	636251
201750	532391
35332	598074
5149	562989
26607	566274
57849	603877
15919	646311
52917	619693
73697	566337
78416	613592
36615	603777
80579	638605
196003	661011
36441	542652
8538	569937
106703	566569
25037	607760
45179	646490
242275	714748
48702	624928
27755	547665
7131	537042
199481	640629
309260	533333
169576	565969
36879	613628
159262	639213
46630	606531
56972	589080
173279	641035
59287	536166
200046	591933
122644	652292
637	544628
44265	527291
41266	603642
16742	574771
52753	557569
37561	562050
46965	561041
24019	571302
65203	569545
39298	562182
368757	674019
195111	622514
200596	587640
231623	654752
2162	567164
261173	589129
88651	627085
45318	607037
40317	586657
33299	624722
180983	765810
201787	576571
17222	626863
33071	627786
484648	680754
40003	565974
201928	639839
323164	601961
27730	568149
49868	561851
62454	587345
474153	675205
431064	728028
64871	569406
14866	574081
233150	556903
360413	713617
35031	627080
12314	623834
49864	548937
175959	659258
15069	579892
200655	644182
131079	583228
1443	595660
77924	532500
123610	574331
38117	583532
3347	583225
43557	557833
54654	590620
67724	599251
356992	528784
8187	586989
4548	590374
12752	526406
86343	528370
15256	591334
8309	529712
6564	564511
366668	551931
153124	625330
62235	599875
73640	635048
25605	581370
47364	633193
134609	615834
787	546559
196907	620591
6243	585282
176669	581855
321488	639785
193625	548741
46713	612056
199199	626383
199524	528517
134842	549401
31503	573176
105108	649872
33851	582710
53140	638219
14993	577379
195205	663213
55437	561527
35723	568910
24469	544207
355452	688373
41609	558916
26309	538054
13771	594334
60549	576101
42641	558410
87791	550029
200658	559508
130074	562487
8879	544694
379118	724925
237309	574406
39473	564809
799	581526
80551	566003
196517	624482
41685	533494
61592	584606
170660	552498
8678	579493
10333	619753
194162	613486
49733	600130
426860	720366
44106	582401
447731	530295
67092	595723
200133	642506
32899	561457
63288	546484
34999	644691
8958	614489
68834	647928
80349	550619
63702	549522
58168	613630
122224	631118
46790	613445
201028	544712
56734	634171
138324	596569
56304	557729
33244	536523
98147	525924
432969	682115
24514	617751
41973	549597
64814	574689
23655	554201
64278	551919
38210	599707
21965	626060
8954	550237
41094	557467
44859	596669
89656	569341
12242	591852
60928	543226
445934	562163
119872	641293
222250	609994
99465	626121
53917	547434
25999	625910
44904	528981
195042	593426
53454	635235
55730	603934
24213	559254
258356	694306
257875	625643
3399	665873
6427	537475
191253	616695
171057	629376
106051	626529
26965	552037
6686	638511
73881	527158
200561	663334
431412	705066
1447	648320
274451	561726
10201	531253
50269	616895
57791	526723
83100	592165
202398	606319
46557	534437
66437	570215
9363	599106
152599	529594
11903	653931
134894	595003
7442	558753
8635	554993
30936	622255
281877	570416
201774	553587
23452	543438
60286	565369
199616	537488
144979	538197
203975	624324
7373	583971
46651	555684
317073	664127
160474	601267
40288	617421
31886	652409
19620	581748
130860	572409
53529	558327
9148	532004
244993	545188
10581	608041
59389	637809
30745	558631
45912	580503
199813	585835
28954	617677
17264	632278
2941	639486
190870	593050
9230	646420
17519	580757
202913	645535
39339	555233
182573	655636
28185	580690
6054	667133
123618	588793
28534	565446
1140	591844
224679	542470
36706	534144
73792	606479
123737	649426
32965	606819
31805	640089
202263	618500
365156	548204
199412	544101
16615	535481
59381	552124
84645	550728
66197	597253
10883	559495
18420	620482
41050	614144
22856	632159
208582	552325
10235	530359
85877	666222
256229	572342
19864	601966
53313	611100
426837	703457
203790	652241
55408	616571
55452	595598
6584	560422
43379	617250
497762	580727
106636	550545
50655	538525
84545	634593
199094	660789
11336	545557
45692	613932
39881	571204
39399	553720
428413	689677
65738	586877
199906	604242
77942	531746
435033	704210
67704	562144
196197	533792
63051	602981
50712	619098
14883	586745
59875	547970
195959	632044
1751	653581
4906	529349
200733	532764
67853	543121
25285	646551
3692	548641
43876	654763
29048	528850
61897	540328
108165	578401
194906	632456
369235	760244
203446	640010
113643	565133
38706	572014
38664	611841
86665	602611
5320	606660
204212	653043
7497	581871
9339	570968
43403	586375
56577	532755
55337	599549
22010	627809
42615	563097
65671	631570
80019	586127
8637	529844
1838	568647
50087	623948
34673	565627
247386	600686
2596	564487
34038	569493
62138	592795
65907	532793
22036	537768
796	559481
65601	554076
369515	689831
203668	538477
163702	611854
170106	611334
26102	599256
199452	530620
114583	548562
198919	651291
8748	561532
136045	577477
36513	527851
25573	565222
195696	647996
195430	572879
40692	615235
142945	562660
42652	535593
301233	603593
41119	582565
154985	634029
11646	584961
59537	602369
436198	767084
3901	577712
56095	553545
296209	551357
47638	641354
432724	742488
28989	548564
218564	629323
26903	619772
46429	560545
67358	626366
73642	554147
197896	589702
162824	636979
44317	608870
199895	564410
176012	558163
112425	589177
7715	611013
48504	639161
199248	611829
195453	608897
51411	543279
55496	557013
151271	558959
49432	576111
211519	617864
198964	592789
41966	613417
125554	574802
63604	525816
45766	550700
238281	577180
61876	626001
202575	540556
202980	586773
46261	593538
9386	581282
73295	627199
201410	597879
29570	633556
25638	590090
55100	548238
64300	582040
102462	603942
63863	596791
9062	566895
43592	609607
57600	636973
65918	629209
1342	542090
170474	599320
28311	553327
123782	553216
257839	608101
40524	535801
49181	604248
66626	532989
113717	567377
56824	577338
1826	626015
12527	611331
193282	613058
123314	631814
344819	665876
475756	673911
243778	577949
195047	672395
150944	633444
74747	583424
35408	584155
39200	544378
53081	623676
27410	543275
201806	604259
200257	630179
54269	549412
17885	615461
368994	714933
201194	590223
63696	604191
136074	613267
59962	634777
38485	604452
194015	586789
199519	654545
132300	544548
100683	573828
41206	587662
20673	585340
193337	649545
133675	565227
43842	575992
77361	529333
62108	618457
29598	561843
194722	633083
17689	528834
65547	619157
78227	537698
18376	635595
455395	720603
141253	546213
59842	605954
203652	617431
39692	634548
39042	585810
30190	552238
37948	567938
58297	607981
194132	634643
24377	577566
81112	633336
30272	619553
7628	559260
17204	658875
13612	568474
64253	587657
164936	537388
265369	582300
62905	531268
369034	766166
25592	538188
19251	594328
400148	532234
115899	621087
35466	637293
70122	550795
9432	550932
9456	628598
57419	539763
41517	542875
4229	609869
203214	640946
131289	526544
5041	532105
28243	568731
199930	640908
42139	630202
243021	614159
47087	530854
58652	628925
43513	638849
59141	604074
50420	562630
29716	586754
49637	612324
59691	605477
65522	535380
30826	641995
44827	535773
432802	699593
199825	607061
16067	652581
49702	580456
40660	555801
25030	542163
429040	667728
44418	547327
246727	608776
193423	622498
59897	534185
77918	615599
371817	746422
17762	539720
347706	683344
55965	582585
63303	571784
197811	543323
37980	573249
5090	626589
27340	628064
2436	629634
270651	745733
3181	538840
80481	556808
197693	656391
31110	594161
8052	578943
60637	558206
77854	551450
29174	638348
50862	630760
357709	628114
96138	581072
199016	591047
198173	629160
9074	581290
186495	527597
94801	591975
25242	640499
60048	623586
358440	722142
207304	734280
198804	656872
82604	594826
198675	573492
33648	623077
2110	587047
125966	639068
203941	652189
34113	594649
22760	566576
42383	628315
47575	536644
195264	611525
47050	577727
2726	578907
19387	549513
65123	613329
1094	650443
28540	526456
368550	753414
6568	648810
110395	536122
194814	623577
902	628463
31237	556340
53669	551523
198809	543459
54282	559592
160577	698891
2994	649727
225462	624374
76004	546056
56783	554007
9201	544071
80107	563229
22776	575754
32750	578958
10083	548909
374884	560344
323172	572274
20847	557694
155809	587986
49268	528000
16034	597742
31554	554293
77089	652955
58132	601135
89010	606886
201042	608034
5624	535446
28788	589455
77570	537624
41328	537103
44383	535261
69923	603820
38524	552435
201693	593348
53503	557144
261818	671238
38957	532645
24833	561696
40271	543775
50262	560678
357070	646879
11625	567423
1880	628293
58274	647794
51147	581800
368988	755218
127584	566629
178291	548039
7470	579661
33654	631546
172425	625297
3990	663231
59312	638254
2214	608512
81667	611042
203823	656727
20090	543303
99115	554314
364608	540297
34266	611921
32653	536392
194011	638043
168738	675245
36192	525920
429320	672142
25127	575938
27684	571819
200725	641935
16	540174
63486	603183
24934	580890
37541	598887
3472	552463
788	565740
368519	746451
134634	575418
42322	598388
42929	586390
44082	605719
44001	584770
353244	722477
18929	636636
46164	573678
33082	609672
20239	594236
2369	608152
39904	532373
28260	553018
184334	654767
132629	596842
7530	590661
359041	689080
196486	650631
26674	614309
56256	618373
10228	605139
70550	621595
8487	578663
67088	542302
40775	606296
260745	583900
68789	550851
9111	600584
82987	591426
126515	569732
67166	528242
157876	607755
43261	547791
129210	587014
51682	551745
62089	567062
25900	565940
1468	552066
67717	565126
40146	567506
41296	573304
11651	643554
51041	644025
57502	577786
50162	531678
55925	576208
41770	584440
43161	653347
49084	527059
33753	602257
35790	552989
3717	584695
102066	612916
354286	685739
56664	578574
7088	552598
36226	601793
202346	546000
50985	614770
131965	584088
45135	605319
36658	585451
62475	538192
58258	555959
65605	595230
24094	536911
45738	566808
202579	649171
14977	634209
9249	647585
45947	622022
66446	586379
56398	643158
16344	650393
137714	553697
91657	547901
204037	640520
80555	557825
134051	617155
196649	657075
367944	706119
196275	607531
43311	606199
33996	635927
99732	549860
77709	639536
40369	539976
133917	585680
55588	597321
196265	586764
169944	535401
233570	549174
193322	634947
54757	589765
98452	560419
379086	647009
193267	639318
8513	565225
34518	544429
12477	557731
202235	644652
369522	693615
60152	530327
66247	533472
33838	629478
731	532859
53403	549808
2734	579388
44627	594729
69088	631339
202132	593875
45550	527692
47673	578072
15653	581534
67937	542206
47599	604509
66173	567187
21902	599774
475870	689743
41416	567032
35854	607677
272034	580768
53852	609248
162951	634433
39419	606313
199365	637497
39155	561713
62132	546195
190883	578748
32220	559727
4671	621353
38261	616802
194865	622621
519852	563493
193972	660600
57750	593143
63783	571137
8834	643465
194523	623595
203168	611699
92285	612266
434050	736170
46452	588903
202061	533776
73985	555571
434063	710867
12382	537503
201222	627665
247795	648762
19898	572488
25075	552600
44250	646312
155675	621990
84220	562558
59175	549842
36149	560987
68	530230
96764	718749
9162	580764
1365	638690
54386	652862
1203	578204
158952	600495
40079	586548
232	527652
141799	629185
7769	540729
40113	561243
59259	609064
202798	593343
308643	611188
29906	650972
82828	531104
1145	663064
83381	543341
203725	652218
29700	545332
99494	666119
27499	574749
85525	531752
200085	642388
29131	540761
44796	649210
165860	563997
47068	617276
25907	577126
12624	636149
25372	578047
17947	625490
1347	544664
280348	631389
24787	590938
45495	572028
9057	537265
56801	642796
198515	592654
107510	551970
56873	597970
60720	561025
200129	638058
63214	598263
90157	604101
427574	672504
368487	753962
118440	560538
61249	571070
122211	640697
73747	628191
199316	663243
57007	615856
426586	674288
39438	571026
431040	709259
98397	594307
131739	621184
60623	588714
46892	589905
80652	581079
194156	566150
144926	569973
45078	653451
144328	602267
263357	535540
12517	657933
222592	654175
98763	590232
4057	535204
15679	639818
31827	564845
3936	583055
434057	718027
30950	582432
46278	608086
15981	526323
13163	536340
9495	585051
152206	559000
7865	554697
324559	586938
23436	646125
12734	607956
74767	599472
198304	569080
246554	643825
214118	545648
201104	603650
134696	574022
50414	606977
344820	759761
199732	639224
9449	592566
8529	635658
61461	613298
132129	527949
1318	562195
96668	629775
16410	534249
48226	640922
15324	599761
115012	642124
201678	647606
204183	585817
47998	588628
193732	541270
230365	760852
52744	562586
58427	646193
43451	628922
23318	540136
427640	730054
22490	646426
6643	591781
612	590926
98679	578540
168158	640000
30371	596901
34081	626222
51764	557314
52501	550390
43760	594459
195183	601733
80907	555168
26460	576918
61486	603379
22979	666917
84	531674
42582	538023
432780	751418
39317	596685
164157	584347
198	568996
424622	538613
150361	699964
46142	544481
11050	606370
52985	538430
100133	531669
7006	614653
392265	706586
14285	629162
429868	712117
195790	612514
34154	535517
58602	548216
319	543449
20119	630602
32131	600229
201573	598258
322372	528691
181750	636958
44113	631411
243179	611037
66165	601968
20729	624718
53201	653190
195928	573379
42863	586179
14315	598269
29251	544837
7913	561409
1121	553777
70145	630714
113443	545725
53283	575644
168746	535709
22439	533290
90410	602423
203138	648915
201502	624345
27070	537870
3115	592024
43414	526189
21354	586940
26009	616228
31531	567956
86234	550456
33603	536471
502235	760153
21396	569612
3731	561515
3049	559766
47464	551831
198764	646610
12929	569925
67152	590458
428324	701515
332	544495
61549	614068
11329	587129
116187	642294
81552	580256
384419	588587
58109	588480
38930	623753
201633	554234
24859	526472
200080	606952
187312	573891
195191	605301
146380	559758
52820	596574
6611	649707
10802	536307
44935	527085
40737	563421
503593	719835
484698	731039
11813	663036
202017	535692
237171	557730
24327	576274
19034	655289
49584	625476
3737	633647
6316	556400
201956	571452
7379	602539
62878	526075
34512	614841
369175	722367
24298	565653
172	627300
60536	554958
203896	653361
61556	607549
49185	594754
60260	645783
38989	540118
54948	639015
56671	538738
202851	555700
48535	539685
6220	557970
306477	631904
24578	569470
39658	608117
94442	615019
10028	556345
203904	623123
25512	537386
41776	556975
22806	551592
11415	611703
53297	620209
112761	599258
49444	560609
36129	544649
63760	619278
199190	588948
196501	618311
198144	602266
42202	638271
130091	541970
184508	584527
38951	571547
9672	550915
258563	577445
37407	560542
51475	598016
435848	727148
57550	560276
429337	668214
30418	569267
4484	593219
198021	649144
17158	570593
368360	761858
12746	553931
80656	624877
9411	584144
59909	643667
80958	608610
65128	608191
84613	633604
31832	559366
101228	600240
4597	584110
53327	609991
431077	730081
46624	641097
204217	603298
8917	542274
196288	616872
1291	587127
58597	566884
15075	597428
216732	544975
8735	604431
182188	600823
200975	612722
31124	539922
8744	526721
50520	594836
52578	622946
27638	571820
61116	552267
6559	536677
43431	583233
196120	637262
201826	651754
29762	561564
58381	587078
1021	592325
9020	613325
265211	629829
49012	622695
403942	682976
37592	568256
83330	547172
49172	579943
51369	576852
77567	574513
37927	537175
193633	616731
369222	668541
13794	606059
60746	639442
31924	615062
431679	750355
199373	603248
28004	529913
53047	608585
73799	602950
69374	636169
7149	543451
194302	577974
60803	571832
203034	533521
8923	606811
54619	557974
109	649153
17132	622990
43605	643301
214974	568870
197611	553799
297593	584218
40836	600067
15769	549512
43385	637990
198512	561257
40075	542996
0	623570
194925	591800
10144	526105
31086	658621
368239	728331
14447	617388
24946	605563
15093	654322
46082	615288
217540	570693
202858	559145
193863	595035
24986	530103
55290	582788
9270	595426
97080	603484
84337	528556
162839	555018
319795	645045
9080	533364
152403	540209
58174	637523
203879	555387
27082	540173
44581	650015
204135	656059
24979	588255
5086	575864
44536	581167
58504	565385
59031	532330
177222	596798
269977	627536
201037	551550
127859	560333
38984	541286
44470	584173
76411	566566
195984	616352
49107	535840
28203	560770
65561	563376
196428	646520
194364	603002
16594	560277
260	657127
370324	745087
55083	543224
201567	582986
40584	539237
122691	561326
37457	545769
60034	637904
197698	624711
37603	536675
55855	540818
57516	528683
194296	575028
135190	527418
180500	530085
38619	537470
11220	583659
20811	537320
6602	552207
201883	555693
236351	563557
60787	586718
55849	570695
171002	649146
36027	543156
173811	611690
73658	570241
46232	616714
60426	613568
175393	636867
87161	570161
369428	753955
66672	581728
374624	728977
366087	651945
216746	630031
60596	536689
10960	540263
183944	589383
33877	547942
14982	557069
256198	558408
12610	580802
194281	586510
31713	611777
94761	566961
32879	580037
2550	583128
129161	545607
60691	620418
172413	595741
216987	606208
49916	589470
11870	613851
201841	593394
16191	658817
35531	641378
193679	545252
56994	556508
49415	587554
49549	558355
59443	651537
32744	564253
429280	747532
103054	564026
203294	645076
194093	596322
43047	579284
24807	552068
67096	551411
30309	577085
19381	659788
167560	555109
27868	561208
1154	607393
8523	600357
53195	645500
38537	589393
45160	610376
36836	553819
9097	537858
59336	645607
432469	676639
46772	605032
89720	583257
114960	583716
49327	625630
420739	723697
31570	596057
54254	530777
30645	557962
60845	587044
7017	764281
21408	534638
355108	664926
196024	630487
430847	667700
66774	604880
354252	686549
78840	551335
67130	611028
9178	542856
116391	617601
94983	627700
70364	607281
47701	559427
200779	617249
58592	585240
48576	616485
227876	607420
36815	532277
201172	587089
203931	621547
370386	706188
50409	569963
24254	580394
475025	664386
16620	657109
50683	604785
61402	590724
840	566925
429209	709474
369389	664851
50218	590836
7318	587854
123735	621460
198671	657873
125415	554058
114007	756688
17096	618166
90417	525892
45896	563973
51436	548875
66543	651448
24206	607059
62600	559166
70375	603202
123243	539759
247401	572041
51230	606599
136634	529583
66906	580235
59793	596711
66266	620488
33936	637324
354681	734918
199064	616153
376145	592575
276977	576699
25667	573198
468030	715408
40622	546870
66229	582984
49142	608990
202350	572134
104188	575772
14511	603186
299609	647568
32733	602280
75376	562098
50070	531066
2396	574813
42674	539047
61870	639724
14572	599449
196105	588699
43534	585290
426787	672062
21315	572816
90254	653538
193386	623931
1697	595647
51644	536233
113625	648977
369123	681897
28417	637851
28266	596810
1137	595869
216533	659884
55246	534959
15567	615275
75731	630326
198572	643151
430105	759579
11231	593644
7447	571799
16147	535374
192980	531921
85528	601957
72240	537473
431276	734067
30104	589281
44058	547444
119691	653059
49538	638667
57872	536245
121877	619385
27210	542136
49802	576329
432901	762964
38849	608741
300675	536322
58141	535834
87208	545903
44121	619760
64670	614812
306470	663276
63738	637232
50980	586945
8184	578972
76224	561140
77744	603745
193963	613553
2761	535337
368244	722134
23930	595465
14559	613443
194006	608165
51077	569576
89879	604122
323923	753274
2834	548034
200446	627458
29615	532393
59752	538356
202567	562086
30091	577589
25652	533879
2399	575018
196607	659616
402423	539405
57878	542239
287168	592465
142191	545566
459663	747794
204058	621728
25659	577062
438459	722954
58251	628854
199788	634504
14970	654307
77778	556971
202607	621859
100142	580126
52531	621425
553	538468
66291	536584
32894	653542
90456	597760
482	613253
9036	570697
370361	687144
33570	591574
29750	583768
15106	537742
198405	627094
42698	553281
100571	566225
25883	532428
68719	606809
201101	626290
37740	541451
198596	632635
102003	681236
200187	630474
66663	579869
48083	594926
99876	529710
167787	582305
87855	576331
40911	553318
193785	614342
615	530542
287470	623055
78569	621365
233311	565832
29742	590781
18384	545040
26567	569006
58758	649549
29830	528462
10322	569631
456669	735149
44373	589561
450545	559745
15592	533369
474993	676090
170923	638863
29161	578609
61659	568368
193913	594157
73722	573688
16903	640352
60695	601953
202878	532226
149873	564942
22504	598451
45562	629598
381821	713218
8147	536661
200162	643858
24073	604724
195476	554688
24305	559824
44029	618441
54147	556932
68903	537235
110183	528227
131841	612163
5678	564103
42258	553947
432625	746878
101899	571165
85739	597917
25789	587307
45103	571335
36448	551472
19414	617433
124849	594558
31345	620430
53936	589839
177063	638632
139404	593911
25050	586712
146768	559460
203466	563268
44638	589298
200814	595360
73665	621306
81929	575357
59509	529763
4363	616864
48454	574369
65747	532343
195415	615126
36294	540094
28770	615240
201092	627209
70371	541943
199693	648928
24520	568410
368402	708696
9049	527784
202925	590621
179110	591961
1096	600606
158421	621756
200604	635717
24227	571069
15949	560871
51251	556254
65770	617360
9226	534593
37955	539330
41938	582226
370812	567774
194292	606022
40385	589134
17631	540037
201263	560835
500281	683892
58149	551789
46960	540581
111572	569049
17695	574088
250373	626402
36887	579807
48622	570764
78060	583886
51530	543690
73181	740057
432821	727449
27011	564001
303036	567831
195164	586123
193326	655291
63184	625853
134	597720
203159	578083
48994	596221
83652	533219
265016	658761
29018	594741
200998	558703
29554	606164
194330	598132
14653	567084
37297	558739
65248	575221
181692	613075
120367	596125
203743	641627
38223	553404
426542	698490
18258	586387
338556	571284
22829	627144
57247	576739
2184	658848
13639	575603
131207	580327
38923	591816
25877	609439
18727	536357
50112	639710
55687	555257
44439	555052
55050	546521
203574	619049
47413	564077
44776	539873
6728	563834
30530	595658
39194	537662
36608	560208
65331	620011
21194	578153
9540	555155
68872	678748
122624	538661
71725	539427
190497	601453
22065	583104
22575	567000
36699	534554
27785	643843
199099	593163
63653	571618
58466	556690
360075	569216
53656	614907
5981	577451
3656	640065
414968	749699
33668	645036
24262	535419
3160	596080
53613	593055
49695	551693
21759	548233
68580	617646
37023	582218
279666	567131
50765	570952
203686	628964
368615	735003
68545	554577
57405	575969
67212	547234
54729	563459
49642	590029
34546	644319
368857	670142
23333	547077
4600	650019
1432	542442
51784	586672
243734	637697
36991	591683
28452	557034
663	576262
34119	606975
40375	565646
66509	657049
203982	541415
6962	614934
182582	627872
41411	537270
87383	538924
122160	640809
59676	590001
399652	631276
38615	585407
70052	620305
15613	535813
48343	610172
10085	641347
175399	644955
200276	544735
67726	748142
120384	591024
432991	737801
469	540022
43436	552206
20398	542898
56222	554989
61541	573436
50611	547732
106553	630148
166500	639456
18841	568129
3276	588058
67736	530012
30515	587855
203307	624729
18229	609643
65239	536945
5418	633747
54177	571844
175049	728908
32343	645161
197951	605525
55067	557903
57675	636766
59085	584113
151437	726668
29724	543257
199938	663448
23565	626568
61448	557225
24917	535915
469342	707471
27959	629039
105297	537542
421549	730186
194110	632447
144577	635814
470215	566343
13359	553572
109842	567504
47163	587205
151951	589975
103145	583687
368526	696566
57326	633767
40096	555830
96425	581596
64107	537567
199674	552129
222076	577729
57627	596460
130345	574034
49030	563583
8502	574687
195012	539410
193867	586525
56066	640402
44603	543003
199718	531247
52718	565473
51442	537336
17341	606119
80273	535426
201146	636280
58397	539095
33695	610680
57078	575649
92708	536419
31894	589876
200937	659023
42572	575979
9333	528376
18761	575402
194137	648041
43866	536941
81361	579534
358745	669164
37831	555663
202713	655675
28060	566969
66369	619901
199900	622319
427591	708471
75779	615474
426990	698560
27879	574235
14156	576333
52115	530949
195372	634915
26122	564051
193977	614507
197827	657434
8278	544605
57140	534310
198772	640224
16306	556259
45969	561837
17711	572719
64047	546916
4098	561155
29204	540981
43022	633410
199646	639412
19294	578397
59578	597292
201166	618176
8841	615016
2729	535058
52156	543935
366099	548930
21685	603778
82657	592173
282829	605733
30237	619948
33801	629481
64215	644825
198270	631213
54296	612158
198181	625392
43905	583050
45216	628497
44303	607152
157149	571807
42911	547673
367847	672751
202602	602388
39975	584244
164619	599390
41260	614483
21867	639336
62247	590161
58451	553072
20805	630728
200138	615404
20454	585655
368409	742511
200212	649590
289647	598911
20158	580966
45529	535389
11444	576651
195887	597963
36220	555396
51182	548128
431952	707947
44897	563431
10860	574550
103686	625602
43222	654277
65566	539839
39808	597864
40503	626525
26115	535782
203842	642573
18656	626208
158566	619377
8633	562507
43057	532450
193821	599011
431270	700325
27427	567346
163074	574339
2860	560546
220076	564851
160424	637865
56043	648658
61948	582542
143772	677610
194119	593908
82666	634065
198650	588918
201539	550097
194083	585590
3802	596016
100692	545507
39362	555545
53032	650723
47587	600890
140759	624388
53982	548363
37579	535986
203012	711171
170813	647970
17923	542728
4403	606828
13457	598783
204096	581743
52033	578713
27023	646064
63420	625038
18917	606848
37512	528413
222958	578948
4998	550433
69506	612555
22279	586188
46170	601499
65924	618630
73819	595563
64190	598252
1842	534656
19783	582507
423871	731547
74481	575946
8810	597467
17870	528721
200540	661569
38593	554548
22633	621665
10339	571549
218719	646017
19755	644992
195141	650932
259772	535317
16756	655304
90725	614191
202429	555383
67193	591060
29630	626759
59882	535483
5048	546070
22663	537250
60944	578154
113401	615279
58916	596271
8481	593208
413859	612304
66980	548187
42736	599653
45293	582496
17757	555996
38872	569871
22731	588807
42484	526251
121862	529607
20172	573916
27916	562270
58638	653648
201688	554874
32256	561631
46759	559734
169775	612061
6532	590489
83114	639163
413642	688412
119150	565570
16466	612063
65165	569435
25195	614530
179564	563316
18894	609505
68916	587659
176923	592098
66739	609437
16641	653254
202558	592041
78382	535595
55716	541530
44405	559048
48570	585444
49756	538977
16153	599334
161546	567895
23209	579369
160821	573371
191975	529400
71515	605857
172283	559433
63713	589358
21167	562368
703	576886
5711	541510
60809	551398
202043	648852
52007	596917
152017	642095
181148	656794
43960	526765
11844	623866
59759	547882
50663	554442
432686	701291
195657	627313
23361	565861
203239	560848
57787	583031
111961	596070
45222	591305
31801	560204
32659	572372
57000	619514
91185	564823
8682	588746
201697	593552
47623	651738
155907	614020
69622	650929
19268	529367
29781	590531
50103	540774
35057	652779
52929	583920
36460	558728
77362	649538
368764	666967
36644	531421
382900	613407
28733	573184
25156	540292
21474	614259
83568	542065
434088	760230
43339	573521
45733	618453
201811	646147
21541	639170
27967	647575
43419	576966
17674	587527
30211	568663
32	584106
99930	542293
200430	655710
6408	613104
9522	585498
311777	644200
200582	593955
252001	531649
57241	543220
30281	603405
9107	556858
72646	560109
15337	622982
16635	646907
140931	593560
368023	738555
18467	601817
210377	636201
4741	642437
416498	679058
203289	579774
14177	529810
3084	628074
194654	634779
134998	602509
233553	635591
216753	582810
53154	552013
48740	558966
92017	538390
35632	540207
186339	538600
65645	631120
200959	635068
43588	528910
200146	593704
53568	598134
51882	584023
126844	541167
14040	584876
16781	650919
26681	630917
33345	571338
202101	614477
51903	580124
24612	587440
67036	592514
29191	531960
370406	748337
38856	577057
67053	562082
31879	528651
25202	591904
11536	545382
7995	526674
46394	599697
66054	585522
34086	576143
11528	554177
241658	543855
52354	561072
193881	624425
427659	670632
301756	563089
52194	605383
55002	549032
623	560671
360687	620711
26862	563683
368537	738536
23936	575530
9998	571524
35694	559046
124750	643579
132262	562636
28546	566312
16982	547706
201536	533509
71644	603390
62494	589810
27820	536900
194582	638884
32586	562008
59711	528164
31078	529543
43495	599988
50854	572386
198701	655660
52484	586349
83408	631033
27354	574000
16959	572622
55210	594894
67102	614790
88532	613199
76518	648476
6886	602134
12392	560342
433035	743958
25567	639790
23170	647719
143967	632060
72609	558293
69755	567825
9526	581549
261193	646957
201715	661601
57721	541348
54203	642890
370344	738665
36780	564535
21602	580391
195724	648778
46689	618227
1219	571139
53816	552316
102232	637486
67020	624404
85917	525846
195294	615173
77760	590728
25305	639476
19108	587490
96515	600677
17558	584414
47349	549502
49880	562362
1662	579139
456589	536197
201185	560434
42604	625937
324153	593339
199335	616637
26633	570656
148295	547744
34631	558995
119149	666495
24044	557786
7052	567618
258369	752435
79479	550826
118303	591916
15392	605627
73196	575940
45234	619062
114259	627266
8369	636324
294474	599542
38319	582244
105	528584
22149	606078
8938	535658
166718	663009
214225	642086
5237	539395
196225	605567
195353	647135
18307	604623
28302	572847
52565	536394
55562	563027
58580	593347
73888	574791
202489	580563
11779	656092
194467	710970
2594	594378
26354	570510
204188	633509
43710	635151
8762	547102
59307	597809
426686	680330
202908	602989
128892	633724
23407	527012
19852	575510
358991	584185
112315	530138
157499	616829
60710	661533
367863	660264
11168	553220
11343	549023
51222	564186
300649	560364
141539	544260
329	536704
65618	561912
75399	629525
429329	603307
170076	547173
193403	648878
201610	620031
373783	735925
31852	579173
198447	564360
9026	531396
55204	532605
28931	575803
278580	639916
24899	578826
46027	579742
435844	760059
162934	690721
22116	603571
342	578661
194262	654402
40948	549066
33128	553280
69218	608791
196230	634409
2992	588339
43618	572762
62308	609776
41560	605657
185634	615691
33263	557942
66261	645006
24629	620678
1699	628050
61811	580593
42290	638843
65677	557176
32834	621938
42315	598302
44195	579020
54512	654427
32214	616317
199057	640488
1962	602948
170121	620500
56287	551809
55881	573776
153419	545694
36917	614266
9375	575042
100728	699751
431023	721942
203892	612286
196359	604095
431302	760332
23998	540841
25463	549112
203354	634652
69322	585432
48729	613947
25359	603047
41385	569395
4856	570452
1368	543357
36808	532406
68999	606272
7164	546233
40511	530861
110602	560317
24192	540306
60797	623372
58588	536450
37520	608481
197961	606576
302961	667056
38556	562984
21445	528104
36595	525986
52585	546523
5544	599558
75441	606017
12035	561382
41811	549543
61322	536299
10740	579972
261942	530586
270347	639071
56842	544010
52471	609683
8163	588565
66190	558221
26174	582602
66317	603874
60581	532398
17903	553022
65053	595394
202956	616578
20006	563339
30946	641880
82885	529361
195879	656901
160294	644781
136727	551003
37644	559262
13101	642133
110680	595736
39190	623330
363252	655383
214971	574706
9367	629604
200237	622273
11451	529049
194212	639488
154225	576874
195471	594770
19074	549127
47152	532395
72403	590565
48491	600342
257880	632468
369527	725142
24973	608058
9091	598403
59626	637416
21046	628722
155976	597525
43210	581841
42625	599853
56549	596047
59217	595986
216414	648888
4429	550832
198117	624600
28095	531753
27130	580279
203628	527237
355344	767535
197880	640149
199068	625707
76339	616129
77948	526357
64359	565487
19396	618462
745	528860
26334	638238
431097	709090
4208	555604
47003	561424
66272	593853
247399	652341
63971	579570
194141	655254
203814	541806
36199	560988
116200	654400
126737	554178
56654	586144
1459	566572
37639	640676
43206	580726
33466	641297
87378	590577
227445	548602
90	575281
61289	588328
203454	610489
201562	572634
30013	578984
355	619425
5083	593244
198594	629110
382452	548996
25170	621321
30298	526305
9371	576385
196091	627689
201052	655211
2968	636064
52170	640158
57310	552939
199820	540793
272040	653766
60553	583602
60419	622256
8690	565122
199641	593280
435855	708070
270093	650595
60961	538434
67604	562224
18004	627742
370488	560680
39101	607027
14605	556076
170487	645443
3436	632752
58949	602091
135041	657499
78476	551669
37567	553119
49477	634578
220827	610653
351287	609368
199591	543185
2866	542958
789	574761
200626	643908
8019	584487
435903	713561
59481	656215
16680	586622
165746	533555
66147	579920
56186	557528
39497	564543
34448	549243
57305	631239
27223	540679
193240	634782
184686	540345
107836	623035
32207	605308
49944	626033
368499	712883
30506	656070
130963	622917
63988	593305
428938	692097
64364	578329
202794	564054
41805	639644
58285	576032
194171	530243
64054	549813
33361	543487
244428	724799
157713	545362
26929	636143
26979	617056
201961	639882
8933	538853
9173	622366
82490	599895
41076	592401
39016	616812
81989	561136
87372	554582
90458	570993
9325	628998
199619	543418
80701	577334
132282	555640
63175	542417
122675	663002
37076	539761
41605	605950
58344	530749
52874	636497
122774	588922
194341	656746
1327	661041
42504	570547
5436	582194
47816	528933
42609	569712
28153	528693
249723	634669
194268	633195
22669	568935
18173	551369
3638	558466
53762	619821
77946	599628
116077	546365
165756	539338
369456	687321
4416	667233
71656	695483
196823	531325
39824	542319
218200	548634
65344	607255
40124	558359
547	586039
55355	528364
41729	550867
202969	623133
98047	587935
431326	766921
11269	544993
37750	551886
61883	533367
3874	562627
44808	565163
545	593645
59545	535461
56308	541783
55933	550726
28978	637033
34954	527346
34492	606766
54566	548351
60130	564391
459658	747701
249554	574273
51026	567426
21534	574904
474234	627023
60336	606203
18331	528975
123746	561909
22921	634124
199564	536469
198419	649024
141771	725492
45025	643588
220928	621394
100034	597131
121125	545567
40874	562593
55390	539948
220094	639575
168971	578918
30198	550120
200766	579950
73704	584622
41113	559774
195115	604226
44598	533584
355338	664191
214492	638560
203101	575270
11918	589284
22909	642738
17624	532633
42990	532663
182979	578058
60814	544067
43725	588690
178036	567615
66516	651494
194320	604039
193825	619181
125163	651906
115	559018
59417	626163
272378	536022
14019	562733
77097	546851
38700	575244
203776	637817
22253	540260
197731	655487
117233	547963
277685	626791
234672	531127
36726	569058
64774	595792
426642	695305
42027	642427
42869	545678
159778	572121
39565	592590
60342	606709
20913	542592
65939	528747
1602	633518
60449	610705
29808	634338
59026	660841
19982	637391
49723	552378
63720	587150
29475	602987
195803	622034
59224	527140
436067	768329
30044	590294
60081	623865
96048	601640
186192	593958
130232	652957
53908	633343
23865	566433
130394	608871
38438	539693
114730	646025
201923	584715
37219	530548
96791	636190
426620	669400
201235	645659
17992	641039
78924	628122
109357	561760
34925	545676
195138	625965
37634	572704
77493	568863
201524	636459
21130	595688
52384	542846
53372	620213
102669	691878
20779	615213
29368	592125
64400	557085
34360	637343
59476	571136
29007	558926
54067	630660
31158	611249
4284	558357
61383	585262
57430	618250
198465	660082
26256	582983
194217	618418
37824	587832
30578	592106
260739	648405
59237	606128
9239	601776
45919	570739
64888	654333
66303	615793
224938	736244
18406	619011
23066	596612
81332	539145
58984	582930
53894	545281
216998	569096
122806	604103
26078	599297
9222	595664
200182	538595
190876	535141
171445	597995
60372	559835
73692	530655
117608	615037
199835	649107
31242	564221
197550	568052
38364	538151
29329	535619
501342	700459
8573	592717
31169	622522
12968	610197
28793	536532
49690	533225
436224	718722
11785	558027
19134	529398
197617	542939
200985	643577
197606	639811
30313	543050
35972	568809
77464	536670
202817	651416
22835	609216
43182	545927
203866	651992
50887	617409
249436	579349
173561	598909
10632	584373
47956	606569
50173	567704
199220	573479
40427	572107
68064	587158
204172	607815
8774	536580
65340	535790
55888	554388
133311	633259
90535	580274
202274	646088
433042	667234
176285	562975
6400	588379
58092	634622
11521	535804
132638	570311
24928	573413
16877	662191
198550	586318
181255	563796
58333	538754
72415	722624
13117	645789
3652	629731
7887	615846
45877	589920
68253	564785
36467	535107
15299	578818
41392	585871
20877	586487
197875	626404
201734	618968
194612	622779
50425	558215
126128	530152
194774	601623
43528	608826
63886	640920
77535	591641
80912	547958
35038	547086
40782	553880
3790	558891
13777	648054
65979	587164
54684	619999
74840	567446
3207	591806
80428	527735
197542	652286
196684	603130
4018	562038
184285	594225
237173	570252
22420	559691
88424	537257
4073	551424
203862	593173
31166	561028
78332	546450
2504	613955
17593	546118
168626	560831
48926	623679
96466	552002
198830	585454
178464	547709
193759	594542
55758	572117
426653	680729
322343	617767
54424	665654
13044	570159
199434	635620
29576	624445
201742	654233
33913	589409
342709	574130
56447	648273
33582	582524
25844	543913
13280	558127
113725	583553
365102	540073
168085	561372
432815	722370
6891	584495
40338	626328
58160	617351
204192	565745
193668	588490
195278	635010
194572	601007
10502	576184
64834	533539
53026	538744
194568	591433
198983	526612
61578	646518
61988	556802
167773	596300
152093	607898
43064	556464
52944	542104
54006	618646
40436	559906
355378	673897
17241	635023
155567	543535
48220	641509
20771	531153
63036	571488
123028	617474
35485	605389
198555	655610
44885	577351
194158	614293
35820	563330
176504	533947
793	624685
201128	636079
24953	550115
13327	640137
48213	629276
50447	596411
85199	565957
45335	626800
9764	650680
48162	601906
198429	650714
22042	622252
58745	557103
5438	528466
78076	566206
55860	565576
199238	555937
193297	628033
369197	688559
194020	641898
193450	606883
350952	554959
37792	539911
201739	744329
8210	529007
45618	604608
35376	620548
70450	566827
33597	622067
42705	626611
171801	663285
5845	621578
2449	615043
31940	627271
115376	613671
57455	631278
85523	582534
33457	552469
200304	644957
84615	604469
37843	585675
4094	662207
41564	537968
52923	645741
73503	589498
77751	626506
56847	600687
132443	555061
27749	565690
199226	593316
203703	662091
156466	625957
29487	551682
15120	592321
60149	608184
14247	602928
201343	599830
129558	528036
78265	591302
335145	597532
33451	623220
248238	630362
22078	525978
41932	604999
10842	538167
101827	598265
63572	538439
203451	541133
57046	566878
63369	616343
45424	616828
43945	536936
29053	610613
67059	633204
211075	526050
32618	617145
61627	540230
44150	638479
43926	589553
246804	542074
74895	632041
89498	612801
117745	633039
7950	562029
113011	541435
9259	526060
57828	545651
17735	659152
200192	660408
200407	604423
24585	589115
64354	583575
997	606815
56805	597459
193982	640379
12851	653237
43518	534438
96251	591686
7919	547443
65570	601186
10652	530960
45039	589389
89836	626196
194549	604954
137487	634683
9351	634471
193840	572717
25328	560616
18639	652800
31707	643501
81309	535511
57861	544528
3464	595466
98362	548360
9176	560490
80916	542179
19114	544116
28066	553920
140699	541973
24644	541942
2188	529206
193644	532861
7022	584928
66769	586113
24446	632810
1147	596930
80566	565703
143809	684777
63620	624149
55056	556309
28102	540487
37768	558028
17254	531998
60014	628828
198705	606880
32052	593380
8992	609951
16185	596733
221119	660260
47540	626334
34385	651540
61712	534442
368432	724870
203083	657116
222586	640146
83643	556485
52801	662853
64776	527247
1176	604576
369054	713399
26840	639788
21659	656521
66118	575129
101350	731256
22783	571545
2219	617288
13879	579732
41717	561651
9004	542084
165576	654077
152182	581608
30050	614550
200077	646950
29607	569048
34935	604614
26262	599677
58311	598511
370428	760717
70071	577168
152915	581576
237408	661000
11723	650616
67159	615643
375755	691981
72500	589008
112690	569408
86769	551642
247394	645235
6347	625303
53716	620979
67181	628544
195077	594486
39703	543830
201920	532075
60861	586866
11697	604787
42127	580231
46719	565151
112667	610405
89380	575896
202675	529015
193099	651658
73595	638083
369439	733732
355537	703864
42786	641302
7859	658891
41439	562363
42589	528170
56280	550745
204181	591103
25894	560981
79235	559233
26365	540612
26878	613538
3109	610024
32383	625954
53158	543048
58024	617981
4	568507
80761	660340
74906	529923
2115	584966
24013	560214
77588	594748
210551	747042
131611	627491
40389	540686
35796	546422
427022	676310
62941	597712
41544	599419
82963	617322
9309	627398
198995	661463
403272	709866
200635	573807
203596	543053
243015	710170
141751	553598
84210	550996
38688	603212
431687	676341
129866	531313
24145	607780
71492	650818
50692	570521
66390	603025
203316	601037
29694	531777
18122	614513
157434	536746
66916	662990
61239	608110
34441	532210
2474	559243
432617	764781
42450	637761
392618	546381
25633	577471
193487	556233
202056	640906
38158	601507
29451	534818
90103	604976
31182	548338
64041	539024
154134	645008
169752	527717
2331	546116
323848	526877
58624	589041
21302	614746
27457	604764
62761	611425
73151	531714
29887	552140
9051	623961
196400	618285
43939	641998
16385	662581
51716	564928
7002	577125
203509	559717
10509	552081
33789	554230
58902	539990
3370	557621
200455	638822
9076	537599
126848	527875
227883	630608
202511	638853
30171	550331
222735	544061
201533	619067
198276	600125
43470	571169
56817	638904
216737	550272
62752	602210
94109	546289
9158	622835
368006	673339
11925	610804
23679	561415
85526	560025
369489	744425
202884	561998
41591	592505
199751	642570
193311	655815
50811	587898
242849	590315
198877	619195
203313	629163
44784	581843
111144	553701
9130	574773
30354	583594
3217	575108
72670	526123
20514	617192
31208	563626
44705	627702
35166	591866
24558	575307
61908	580944
26296	579733
46301	612458
1642	537864
41019	558354
79228	560703
8629	547167
1810	616857
143813	746042
416158	589359
40718	627107
19362	526928
56000	554657
63460	534477
31254	590958
73463	619019
338177	567677
354039	764691
196051	621612
44335	598923
96361	601788
216709	556264
426722	730874
288362	574232
52296	655778
45140	589743
50973	616349
199418	610055
63765	532043
48998	562245
9773	571459
31136	640879
16221	621079
199559	585875
16916	611620
85067	627805
11107	609334
73961	650341
59270	614183
498869	761012
126340	605648
47445	608324
10595	574776
39253	529249
243167	634554
87681	584458
6779	552370
41024	542264
62510	604070
58500	539691
200708	557032
16055	617217
60501	575197
116474	534359
215314	527963
43597	570384
73525	573513
426715	759232
21288	633898
175604	652737
89977	551128
127975	634595
1177	570040
25298	544155
251107	650968
53542	562691
193293	562190
25011	619134
65430	576089
368981	750616
90327	574013
54769	617015
73232	545900
48049	587874
65447	557628
202552	592897
27517	580140
50937	571558
58243	542976
17177	614464
193334	599394
11909	632202
6494	532458
14661	663191
53831	598231
464892	623356
45173	567581
115246	528411
76069	627118
195250	663427
202247	646765
24658	525938
193408	527853
84300	537253
200844	622549
199347	626135
39748	551691
202865	607030
230975	546049
66413	596429
52630	618297
11493	615133
34190	553742
40684	533718
201132	539486
34557	577671
31619	576325
25730	574613
66925	599676
36505	600019
57151	543765
200041	657598
1660	597633
56353	640961
44659	550881
216448	667290
49969	586857
200464	617979
58829	570560
54078	559003
68043	658457
31744	571380
504	603543
100281	566661
922	581433
313788	636681
28022	598805
9443	545684
26165	551498
8737	598715
53378	549965
61760	531194
199552	645400
99070	616979
67078	612244
2583	565494
246124	657413
29244	538223
153583	677654
67116	560196
56292	566816
368562	706121
38238	529166
52013	623225
60459	576902
61508	530162
43125	635218
143391	634838
19162	571995
77640	637832
66505	533164
198770	598925
194537	576183
25586	554528
49997	588233
195670	558970
74310	533348
53366	562494
34803	566948
80741	602269
216404	585322
140342	613985
36105	558437
17015	633952
9421	569109
226362	591864
195685	630086
198082	567404
60378	620118
88717	632686
76584	553029
170771	656789
50868	551683
219637	737721
665	549028
28489	563328
51463	609676
194748	644115
14699	568124
166691	682393
77003	557389
13744	573547
469364	687476
38386	545762
1902	564871
40357	605879
34972	614874
29984	541352
202203	545849
15018	552321
45632	564882
43887	625285
9008	545162
20739	567467
51602	569062
41574	568981
31770	619496
29957	589310
1937	544767
18720	620475
42826	642521
59353	608944
193441	651244
31809	650574
18244	626541
1363	602574
236844	539665
133233	577503
53607	611561
84244	588407
43743	603457
80857	566298
41799	532085
331008	636442
1275	632162
41144	572223
35689	544043
202499	594669
91784	576261
15482	611463
52464	553000
41952	595022
30812	612884
53743	633680
8966	606271
134539	645061
10221	530522
41290	591224
21741	559511
117055	614638
39329	554283
32288	590609
156	642802
31736	571948
59766	577365
25258	566161
37491	601749
327763	553324
171752	532972
196342	642560
32230	559956
17544	593946
248542	567756
34942	548836
8720	542282
763	667397
21796	555366
202503	585020
65394	535405
5194	593647
67065	606720
200441	661919
198317	660059
354646	754847
51744	560053
332007	740444
151243	548748
54288	656496
58014	576007
77432	593728
19719	546996
25777	542115
28566	598226
5549	542908
185964	634208
38347	635390
1451	618263
131215	598758
60	564461
21214	603726
47388	568933
217026	557215
9353	529322
60522	533705
59295	579953
11031	540734
77874	543661
37729	540279
45287	598597
31582	605539
27979	528129
9251	645380
463699	604162
157234	527745
16274	609803
46899	539249
433027	708483
249806	618618
38541	599759
216700	569206
53993	541401
254615	627527
175810	602084
38481	531470
59205	558902
11886	540743
42714	569160
1412	568596
46438	636133
77530	632605
368266	742706
199204	641427
45393	562285
126029	570145
230610	622521
243205	578232
198736	577579
41663	637754
73678	602271
35684	575026
59011	599763
198184	594587
139685	560188
8075	580656
197797	539190
199089	605029
122876	568778
276051	555203
55223	655213
63058	613890
369156	733437
431308	690044
198859	636399
200307	655351
181744	661006
28073	534598
12173	620782
66009	620709
40025	562303
32645	558394
27647	575981
28560	618579
54743	560655
40978	605021
139053	637723
5525	589305
56927	646429
52683	527814
70082	542257
202555	652028
50123	526460
121102	572373
12433	552570
157778	532567
790	585638
294928	636391
9469	555057
131211	619558
60677	646848
43779	618909
17271	535992
30113	655150
11820	625959
41926	596061
37680	528359
45260	530757
194917	660705
35842	533859
196572	576284
47987	549772
49203	549914
69859	560893
48747	531994
60607	570255
17114	547023
46828	538251
64473	589932
2285	558423
34478	603965
29495	622642
8686	548617
49568	545392
83946	628600
79208	546023
174615	570991
5609	602789
73646	615411
44608	536329
48364	556005
44970	619586
193396	651279
196041	662165
7285	531801
200340	628809
201359	587343
35679	612021
20494	556605
42356	552613
44670	622785
199108	650635
41032	538039
9611	606540
429072	733190
53563	556891
70058	598281
196130	604209
237587	633637
96896	548774
203901	615972
33444	569403
43856	612366
198476	662146
39259	559634
10689	580442
50915	531870
195822	660136
4982	551781
46401	639969
329986	642392
429084	699406
20614	609622
3332	540726
217	527398
9516	575728
195241	577581
76296	535886
43116	529627
47497	611759
208396	611858
12057	541465
25131	531671
11371	580336
95137	556709
26851	543000
18166	576377
202471	656959
126331	530260
370379	713373
194428	614536
32809	543509
6453	616061
53362	605964
59403	656073
68002	755595
63790	587095
16203	544030
102796	596020
43625	576330
87172	649812
20373	591085
17978	568434
226757	591663
57570	629887
133593	578643
12361	535407
217281	565668
50671	583493
53121	558439
60890	606275
7711	525992
56115	612165
59326	584913
60137	578167
27902	587055
47554	587160
45000	533764
368012	731742
5207	537924
1840	594130
197641	559536
45147	604053
203350	637640
29137	594950
30215	619719
354296	694642
132	599631
221689	598116
55806	602753
11483	533305
18903	567392
43408	533788
28377	591200
52869	593755
29412	562523
9128	553149
33491	532823
34901	593013
8700	650293
442	563782
68635	570634
8684	561209
50190	588670
261729	564842
797	534542
50529	588129
32429	608837
196540	614392
55974	556553
199710	652827
6079	572815
12797	577863
42497	538143
58797	606953
9390	526450
171320	629205
42858	638143
195448	621635
24006	600776
42599	650577
59183	555629
199155	654599
56606	643923
22123	577013
194371	625770
259817	545971
19558	555786
188040	528785
193620	542685
8998	614283
104988	535947
31561	593970
295	551009
36663	547687
80563	607654
21375	564930
101117	610041
362568	680522
194835	660965
46013	602769
201272	543863
152139	653607
194151	610842
203124	570318
123137	701961
30763	551822
65234	606092
7120	536223
47287	556172
13954	580211
10875	552073
82554	579254
90022	628374
199143	655346
123546	596602
41478	564117
44395	581875
68230	546239
64154	567081
80561	531558
48638	533659
52676	551376
33372	555448
21747	644716
6990	533847
197746	546287
194881	600064
196577	558334
203663	616596
62180	635499
608	616612
568	557770
17448	605094
53756	616684
11100	554722
17826	552687
199010	538426
43317	620693
33002	604938
45354	650207
14919	624210
365026	767986
55696	531854
31019	586241
5832	535161
109098	592030
287154	531166
268381	583587
79719	627143
14322	604609
201227	580161
57482	659748
85663	573976
2071	588945
25749	562869
64063	573790
113436	639065
11654	588707
429062	681099
429361	736656
31144	565692
432959	675082
55444	550009
198035	611075
201747	554289
42781	525854
13384	541604
8297	553264
369006	754167
168240	556780
5215	603776
1606	587894
89367	536464
35455	547660
198885	582842
194819	644701
150002	648037
87084	559199
28775	549405
147058	567996
203060	662064
55938	538452
194456	586867
39061	589811
202543	601355
26400	538394
115463	552964
84133	579045
191307	551048
134158	555041
11202	635600
15561	611329
40454	567167
43443	568072
33818	602830
21627	563260
20199	553299
50336	574334
76805	527788
297289	638755
64628	533341
133203	532490
40015	530903
432933	721012
30084	566864
193816	630573
20759	610878
200090	566317
59115	536902
436871	644962
85392	598956
33431	614353
12569	654007
202727	582455
24476	544999
44554	593477
73653	630795
1798	561259
144636	531551
61102	648627
202870	615248
18510	544553
428811	683600
73867	526462
27029	556920
198742	612642
29398	539455
23050	543301
14832	627347
1160	608109
199633	618074
65088	549836
21207	561712
57267	640736
77617	537918
25445	564852
201490	613685
29180	596058
39960	565001
18823	562706
573	525778
55632	536338
63272	558144
8299	593684
200965	545190
18438	623099
96552	557632
193214	527075
42106	610282
54612	535928
24564	541235
67897	596848
105887	536027
194676	602322
3477	592986
66499	526101
131605	631109
121374	567183
58714	640877
14713	619729
68855	634788
113219	575805
197683	595312
88905	644629
234068	631779
190256	620681
50597	613192
434083	673903
133186	617057
208524	584087
101907	595142
9066	564284
63657	620450
34966	614315
3784	558976
40401	547534
87	634693
11244	556053
1406	540191
194393	713467
21614	653505
388332	595063
32318	526343
197566	643882
58550	615937
23311	557966
83424	620336
49874	587605
38130	600042
19157	553805
49793	606116
161364	552925
17971	570706
34347	555810
16525	611476
40676	593574
202322	662955
17484	636083
69525	531984
10609	580911
46345	551294
154108	537439
31316	550721
68867	652575
77602	633246
21362	547330
10242	578053
388047	643313
9313	539316
10249	588395
7050	539634
64069	540069
497639	551349
84289	601819
2268	581903
54996	656618
73458	556014
2773	652534
152095	607765
94115	579122
9214	551548
201637	624602
232150	581319
4534	537618
208038	597852
158167	660312
244972	559446
144120	651637
60748	554158
86479	661811
46445	563926
135607	632880
11226	584635
1926	616451
426534	664562
31607	637180
6767	566930
36788	540992
27036	526331
55464	627117
4015	596423
123647	607101
291902	619251
1490	527924
434216	752005
122172	690432
111953	601624
986	600743
9307	637656
4383	548048
248089	551381
134045	738067
64513	537233
1478	566955
1170	609044
201950	595372
89659	619767
242729	576022
20295	526197
27198	550531
2289	571823
200071	582033
9297	622106
71209	532670
193494	620349
59358	626463
16142	615758
62083	528590
8956	610485
8357	581178
52129	546835
60086	579430
82218	572119
9028	600648
99748	643154
203089	655012
52779	566452
242875	600429
56698	642929
43358	557391
44047	558678
45311	657681
61492	610146
32955	536979
73948	599664
36896	610718
82881	584821
18251	577685
197820	650320
63141	529633
20622	539846
41108	616212
9876	565020
42874	624373
203402	550046
9861	538153
62460	622340
67197	569322
368260	758533
122131	531537
200314	619774
44230	538777
202030	526083
21924	654347
18959	657025
59154	570709
126240	631250
51830	557914
426940	742805
51896	586591
66900	571541
36677	538276
355395	737339
12641	531797
305209	567133
160007	587296
351891	732461
32161	608836
28317	543577
194472	548119
28436	578613
78418	606641
204150	649065
203631	531926
197727	624673
58909	562709
243714	624027
200065	648757
52236	543404
43933	638021
202172	622276
15186	544763
195850	583896
52336	606511
280901	609042
199683	604308
8769	619082
86050	586577
204317	614135
9430	566729
33409	543071
202304	648833
22798	572675
2862	583385
193125	598757
39520	582470
103217	529219
201682	658306
54900	558569
201642	547465
126221	536656
195799	525988
65880	596671
9479	574965
15134	578278
9625	539675
31674	526520
199175	624631
76187	611709
157638	626805
26237	556089
26480	647963
485	580808
14278	573512
62022	621022
9528	548329
193475	659404
132243	574045
126226	572923
55843	614955
41200	578325
160039	646719
25598	542897
22340	572457
134172	638934
6852	538149
64016	559407
78808	580243
165164	617143
4883	547259
69869	583924
35276	543298
13508	541753
33740	532746
51281	627341
151255	668165
431215	734136
124330	534493
2112	538336
289829	613892
66220	569031
14103	602297
25416	554363
228480	626081
169766	597673
30740	592592
20405	576351
2213	668146
173417	577917
83854	561871
73837	553273
368743	756593
200177	554122
20218	572103
32348	616306
6712	652652
79196	545297
62950	558909
65874	554765
32994	542607
13030	553141
68210	651013
112542	583381
39010	612272
200808	575791
88448	620462
46353	633311
157892	548382
25016	548401
255320	650999
285827	607870
10753	594480
221102	636930
9059	627800
435184	627497
42794	656682
164085	616784
103695	710525
195712	621691
31457	602536
434999	673033
6733	619260
78123	603788
9320	590071
11249	525766
50193	558907
75768	540885
182325	600631
201551	636182
14224	646665
199425	656437
196659	638730
54670	548223
428917	687343
66845	656942
65733	630003
70191	630369
35903	533951
374613	684674
367951	729014
2020	619826
54346	663185
216819	603703
180615	602245
40859	595008
136231	752010
39485	599075
74603	546896
1179	543420
11833	591228
196305	629017
186418	651559
7460	633671
154518	602851
13022	579947
17121	527621
128444	565527
429848	675553
201181	573399
194997	611275
173499	629450
202309	607329
7610	661494
8251	659895
33532	613544
106034	594830
8527	541627
35571	537115
24116	605121
47738	606462
4932	540055
131959	630350
185578	538475
48399	596526
9497	634824
50011	535917
198000	623551
63518	617499
12887	557641
55144	632625
432251	717708
91155	637221
82499	659310
97753	560098
53768	592198
56175	622425
32323	605982
101824	613561
59782	611039
133614	531346
68851	639058
77939	564426
2565	606835
2756	593216
45845	543707
39173	589884
28936	561144
2414	567260
54209	579447
434044	698421
63063	582453
73735	542694
426573	741155
20085	577643
413514	757658
57284	582083
203154	582687
176367	561157
39733	556627
199369	554869
195150	560397
62920	532674
199377	577955
278576	717554
4723	576712
100750	595554
25070	541353
65221	597208
77152	544318
55414	534709
162300	657893
38006	571171
354365	742575
125834	553144
67029	594457
59994	632148
196251	544351
71246	527938
45642	639234
54736	537733
368864	677313
601	597578
30140	581033
195807	655212
10360	619736
76024	530462
49852	566696
28684	540046
66707	534700
40517	539797
55279	547396
204086	651115
40171	544729
89446	546529
225548	757356
36565	595056
77882	537857
39145	547990
46910	538826
209262	556293
28494	528391
21341	560869
13673	599418
200890	621730
159852	674610
122601	591288
14013	657728
140590	560393
22365	556246
169524	640896
29944	559435
3284	668278
198234	573503
123894	602189
28865	537866
122793	620636
14806	612208
59589	617579
84293	590134
201730	598555
34003	589677
416766	679941
5286	592529
121025	538565
8041	741777
65383	575545
29589	583939
32002	634205
58837	609807
28625	611140
19763	609259
46042	571501
194839	629943
21321	648484
4960	529864
359407	570435
81597	705242
368335	692079
193108	579803
6245	609610
12548	531002
32780	531864
200390	656183
198911	554636
198149	575165
77625	614071
40031	545907
195387	651228
355442	759489
32670	565928
89980	629026
13476	590449
57235	623182
16787	651135
216832	536547
193437	655225
139978	584246
29565	551234
61429	526942
468506	624522
20257	540001
39539	542509
21666	570232
21437	556338
423063	728072
69737	568480
65169	631040
18052	569600
227890	530740
368438	760733
16281	573361
41465	608774
77867	564800
180548	543699
45154	529702
15112	615803
37709	584804
39352	641413
60296	561803
12425	550159
24111	578443
61361	577395
26987	584294
48714	579073
1658	614018
201485	601306
45253	617686
66202	602937
204113	559828
76896	551715
21567	526516
61617	545198
27324	573583
8851	581982
44465	595881
199235	556357
25253	607188
108482	604818
152297	542255
9701	558766
1449	564499
1277	599345
10195	527861
60389	609678
169530	554927
195377	586467
13756	578801
14944	626659
42309	545962
8053	589131
40966	597639
199148	550714
35108	587829
46289	550010
2606	588075
8198	528028
39003	542413
3296	606910
52707	618867
42245	573485
32822	608816
34603	565493
12028	584428
107254	568757
68225	571880
49826	606347
281374	668228
38168	556417
39675	592311
34636	563733
124643	564298
43474	579879
47866	605199
53727	536352
28739	606476
148075	623881
50016	623188
197552	605346
49957	540588
70726	528681
45325	622337
9382	531813
243169	583853
7876	626341
109049	542122
53103	621549
86005	629997
115279	566716
64529	551828
84797	550817
67481	577628
30166	579005
41071	590298
183779	637273
247318	585924
38742	551741
10417	601859
77548	548015
163070	611968
31613	610251
11952	598526
29797	581375
41027	579763
2725	618339
200704	578440
68847	576627
60834	544511
26688	590867
198361	623818
37094	533945
29704	617938
65102	576402
85279	607977
375701	720099
15743	549915
193067	529231
7081	547230
70039	632784
1692	550053
5123	546076
507557	714973
156523	544616
196082	594694
28719	582595
25150	591231
77360	623083
