1397	533092
68	530230
98902	531342
187	551227
277	572875
10545	595156
9270	595426
35119	611780
5268	604924
71725	539427
67227	599726
58974	532165
3708	597236
50081	586376
140	529960
21672	533513
35332	598074
42087	643282
309	531901
2026	540084
128163	635360
8254	540027
997	606815
67029	594457
132478	645705
193103	636985
47599	604509
7089	558920
7089	581038
117	567840
1432	542442
22477	624561
152139	653607
66834	604788
29037	592907
78712	576612
19606	596950
39990	557767
52813	608146
23936	575530
53000	634415
19150	622359
34259	650076
39801	619077
50447	596411
54012	626979
56532	608442
73642	554147
10581	608041
69722	629097
19700	564387
25395	567666
78	612653
122160	640809
278568	614256
31086	658621
13927	616489
139131	530939
8875	536104
39950	527532
42497	538143
53704	607996
60114	570410
45393	562285
28947	548409
41342	569042
193214	527075
35541	577001
29023	525894
31836	615442
2315	618642
31640	549461
70862	553396
186051	557561
276	643642
74238	571410
8063	530406
20786	554216
45969	561837
63238	558914
5262	621458
295	551009
76024	530462
38977	613757
11281	590196
78119	588326
6568	648810
166145	556615
98679	578540
28119	577933
1174	529836
80849	585750
251170	607496
71188	558920
71188	581038
84191	583501
17423	650692
344	623927
132526	628119
9272	542942
50623	532422
338556	571284
48058	614664
80262	662573
70296	609466
73097	640637
43507	567790
6365	643811
9373	569548
32978	541422
40989	538145
43216	640618
66374	608410
60528	619214
76457	619677
48722	538576
24488	591221
38625	533871
41101	558881
10905	537450
41626	602104
27856	567166
21965	626060
27638	571820
245	580636
8764	562891
2338	550031
27246	578138
55830	531640
55919	528178
215494	539752
38604	612043
41290	591224
60180	577692
26063	627072
49695	551693
11153	537674
355	619425
8936	648006
366	584582
4768	644663
42869	545678
55390	539948
3528	619673
76467	535210
6	606444
64107	537567
27130	580279
62575	609360
37126	578778
56504	600519
15173	578720
262	556303
49078	619762
2968	636064
84096	529828
97028	618589
142105	636733
54326	621257
4311	632727
169	570702
35708	552343
28243	568731
31089	547658
33071	627786
57576	550564
37226	543922
45583	593555
34862	583093
29174	638348
8762	547102
66190	558221
24539	575811
13078	606929
19127	630907
8956	610485
36162	592813
47376	619540
8730	586077
73682	561964
49806	558518
163468	624186
5149	562989
39089	533238
20065	527818
57241	543220
61938	588384
49214	528378
24465	570194
80812	556641
24979	588255
32359	543572
30940	620381
18815	636880
44439	555052
28675	588412
31570	596057
44349	591112
58820	640764
28253	587508
32460	536409
54352	597263
64030	581288
41580	540661
15796	624919
52432	582483
113717	567377
138252	602235
122754	624949
39516	554057
59275	531340
57140	534310
27440	547293
87032	556061
87242	639053
83875	546319
176367	561157
136674	606519
67122	537240
2439	554382
2076	630921
92384	618832
193403	648878
86343	528370
37702	532194
19648	544898
49290	621785
49060	584077
3182	539709
61955	528052
21138	601407
31093	534613
6682	616471
64223	616348
94	603863
59549	538363
69869	583924
51490	537644
50226	572307
105656	556669
54282	559592
3874	562627
21821	631548
78851	630877
42504	570547
42106	610282
126238	607580
110817	527201
3249	582487
108807	650205
182650	759246
32	584106
32	604164
42514	634677
7122	627735
63074	612242
52156	543935
7230	598280
57467	621655
6832	616549
9152	532814
76852	580880
87458	626272
70375	603202
33473	660685
105559	648268
193490	538182
32052	593380
10300	532198
23544	555946
44035	592459
7449	590848
58417	544194
373	603218
566	571384
126380	594722
101899	571165
25234	529200
29808	634338
37448	574275
26726	529296
56783	554007
148891	569990
49868	561851
77057	650663
57145	568650
149405	530248
23793	610101
11943	566025
145557	630600
175484	532907
60008	604585
24767	611153
22	551111
22	543663
28266	596810
193547	550295
160032	562620
219	574536
23002	634901
57550	560276
18159	569672
80230	559355
41634	545267
2333	534943
43425	542178
193563	634461
10129	543751
44070	532957
1547	548538
77363	597426
68956	563845
214125	561961
59318	535898
73342	576538
74310	533348
54151	632803
29380	647784
9064	562897
7950	562029
83730	529115
67523	626867
3943	556152
84195	531569
48956	645372
52838	629828
99494	666119
179359	560254
193580	634108
75090	620323
64834	533539
297846	535703
6570	610785
12408	639503
17870	528721
7954	532631
24546	616108
18438	623099
38275	642066
59987	605401
41132	538573
67240	562396
44919	554482
77611	589897
58968	578887
10322	569631
157638	626805
20971	540628
81437	592780
193094	644879
66607	555454
46261	593538
89597	604718
151145	583781
20373	591085
15186	544763
17802	594519
24678	599207
30128	573810
87372	554582
6698	598360
66049	580964
622	535277
27953	586897
56824	577338
42714	569160
9241	632792
39406	528635
58184	614511
70324	662659
70145	630714
47101	584229
163108	597101
52194	605383
50438	614301
24558	575307
32272	570470
49096	581233
39508	575779
99282	592729
21567	526516
25328	560616
28954	617677
9532	548036
30084	566864
19349	562796
25946	541882
40806	587392
53313	611100
66441	637412
9132	577985
63127	606564
30133	576373
68635	570634
55265	615868
25907	577126
43397	551052
49706	595578
5711	541510
43597	570384
54558	531335
25680	605041
20872	541961
127777	602324
60565	633699
16601	552242
104142	631096
15194	593845
48004	609618
26674	614309
49091	621533
65090	617583
101010	661112
77637	568320
99135	747454
93926	575001
99151	543294
25789	587307
43524	547776
9445	634133
43231	572291
21288	633898
38723	554427
9487	554354
48638	533659
57939	610590
2086	627870
75717	731285
2726	578907
42560	624470
46614	563551
50655	538525
7245	535670
73658	570241
49678	588457
10052	554261
22135	598626
27991	628506
55753	603565
11100	554722
40186	534758
159909	652554
62225	627811
25292	582186
7373	583971
2023	644107
190371	618732
98865	575989
172	627300
27902	587055
77744	603745
16608	592051
7970	608611
107292	658668
53999	549518
10815	553356
1325	632442
2356	541336
56420	565579
58758	649549
22299	544777
32207	605308
14033	551170
24145	607780
46328	582467
382	559741
382	567170
30104	589281
43926	589553
57419	539763
24779	584677
17805	591757
1155	598352
18490	557685
10417	601859
52123	576935
21692	598535
84637	593024
10451	596909
156903	580382
19749	585539
23247	652262
30578	592106
35466	637293
15776	635947
39151	547319
8996	558665
35763	566190
10785	531622
16091	603028
19162	571995
23178	615785
28519	533563
32175	622983
34286	644111
35134	601528
35790	552989
46445	563926
3905	561253
67166	528242
838	548156
18690	589000
6639	545356
24116	605121
37554	532402
33444	569403
9421	569109
319	543449
29813	550199
32664	576537
4652	616006
44871	645923
64038	539349
53743	633680
24934	580890
23130	615028
24410	537658
30013	578984
40847	582657
43784	599197
8732	545876
51757	587583
53736	526235
61202	555683
61870	639724
19620	581748
23738	541099
8855	567244
18	530128
18	555974
18	593897
18	533251
60336	606203
42625	599853
43104	531063
15201	598469
216753	582810
8651	579220
20440	599957
28323	550186
39871	591909
40997	529743
51499	597456
6663	565539
51507	602843
12418	626657
42897	624392
19783	582507
31182	548338
83647	553675
94115	579122
4257	640413
49102	564097
28079	553700
224938	736244
117325	589288
67083	578468
48069	548253
15219	623242
40854	541903
70265	530291
141824	621004
37889	589555
75812	663372
20745	581934
78924	628122
8879	544694
29209	563211
47132	544300
155914	624100
147185	544868
160072	653340
534	525828
26262	599677
38109	593080
44077	598622
111123	554311
67978	557322
193977	614507
1468	552066
912	556740
81238	700389
193997	597753
6705	605876
85858	565543
58092	634622
153124	625330
9375	575042
62768	643126
57359	624564
120888	574177
36788	540992
194015	586789
47554	587160
4944	561480
4402	575177
4402	525778
101755	568820
157470	642065
102996	643186
107254	568757
89380	575896
176012	558163
116161	542903
39431	536995
56954	604044
14490	592214
19114	544116
26737	597064
30272	619553
15209	655707
65728	558709
49604	651504
86560	526618
84377	574265
19499	548404
615	530542
143422	554386
60412	615773
25763	529168
44994	586331
60342	606709
137335	595289
49975	582963
55650	534689
493	540450
493	550099
493	568507
81997	660703
54670	548223
194132	634643
21952	637137
27117	554668
33451	623220
96283	540599
112690	569408
81196	555653
126364	585335
126577	591836
122691	561326
68002	755595
56887	608160
53140	638219
79196	545297
139573	631900
2282	613221
2282	540606
2282	565688
146738	595825
1684	574220
37186	546038
57250	546542
78951	534127
112315	530138
6889	548096
54177	571844
25768	555944
160378	582216
16135	538811
117328	583376
132134	621131
49599	610103
137703	588154
71644	603390
68013	579785
71515	605857
160577	698891
194252	657771
51882	584023
33466	641297
34140	610200
105	528584
113815	596471
34586	649305
32894	653542
58041	588335
102938	556065
106034	594830
43690	558724
102366	538531
194330	598132
301795	584657
14204	601069
32524	572002
53007	592076
162839	555018
44282	562745
32406	558822
65178	614407
9329	572478
2112	538336
50087	623948
52718	565473
74436	667306
29228	526422
37781	561478
1824	554246
68064	587158
73640	635048
38730	534561
73646	615411
11813	663036
37670	554254
60014	628828
16350	658885
60985	551199
66278	546618
30950	582432
56614	538981
66616	638871
194341	656746
89658	581721
19251	594328
21685	603778
31012	561493
24986	530103
46557	534437
56898	645334
89198	625870
146380	559758
93593	549722
91541	609118
26882	576324
73587	613516
43725	588690
9501	535443
23270	560764
8841	615016
35250	587352
49910	586204
88651	627085
2392	553628
120916	588599
26681	630917
3284	668278
46401	639969
62315	534333
47090	540635
43239	546169
78227	537698
113212	611130
39352	641413
194401	578391
19080	612739
26811	562404
38168	556417
29924	578291
13022	579947
5147	603066
53964	574686
59699	621633
9701	558766
41979	526753
6908	561533
50817	549935
26269	552653
46429	560545
135275	648974
87378	590577
1451	618263
41355	615489
1583	534427
131924	622979
49398	602260
57461	555600
50811	587898
27529	534875
48169	571518
28430	578973
79276	526506
26197	634786
110193	563274
61313	631807
37663	565181
58193	609436
8737	598715
31175	649486
34196	598790
80640	592309
54684	619999
126235	592380
16142	615758
3095	579231
24305	559824
39339	555233
46267	548058
40697	580614
34579	530392
8052	578943
1591	551675
51202	588231
36112	534327
4275	583040
148239	585491
40775	606296
908	557159
60175	649845
9176	560490
28904	531017
34908	567869
50830	582125
108857	547072
60686	662674
50824	629391
60814	544067
14497	597336
23572	533314
33478	639885
56914	579632
52707	618867
108578	647934
126546	564177
85917	525846
39491	554915
167323	526335
32058	615293
36244	546452
48127	571095
7327	532831
50256	532496
134	597720
41001	601787
45726	570921
63498	603249
68719	606809
15226	574597
45378	568962
15232	602985
5266	630264
44987	557481
12713	576395
218321	612870
58559	552442
109081	582643
51182	548128
65934	629044
55131	589143
18504	562926
56024	578021
24153	630410
32281	606292
40747	588307
65566	539839
51482	531505
45000	533764
33174	590080
33485	594861
301233	603593
18188	627866
14559	613443
8990	527934
37233	556261
21710	655730
26744	539140
32797	586389
46580	638151
66137	533022
57488	556463
5336	617955
33491	532823
15248	556997
44127	637240
39298	562182
4103	545874
59711	528164
55992	561855
19945	566146
56864	598276
29511	550829
16648	527489
48466	579165
63798	649135
442	563782
94234	563242
9026	531396
194472	548119
52033	578713
45664	597390
42721	607730
54659	572388
56920	540893
40317	586657
15702	623020
40546	578675
31674	526520
106105	564812
41952	595022
37610	546514
46882	625354
154098	592847
57980	594336
53244	616970
6643	591781
32471	584732
49733	600130
98898	570682
213276	590171
33274	560513
6488	550280
76896	551715
59437	567376
8739	546778
24812	623509
54894	640308
31592	535089
46215	565960
12341	592923
41139	550778
32080	582222
9454	610276
28452	557034
29802	621712
34353	567823
8820	607665
62242	633667
35820	563330
3666	549903
63702	549522
110783	549407
100197	557407
1830	527442
4197	547211
50837	549231
104689	547154
66473	526351
612	590926
1219	571139
49626	565034
43150	536454
592	588955
45007	586254
24311	533190
36718	566157
47122	558936
49553	547777
87389	614906
25784	537550
219221	593643
23031	614098
45401	575937
33319	539254
56029	606950
41176	572732
72689	585231
50493	573765
27254	538331
57284	582083
44082	605719
1141	619628
10602	539151
36129	544649
48472	610743
43283	566470
52630	618297
11306	562108
37457	545769
12706	572844
4355	549240
28540	526456
12144	597756
107771	642378
49768	537552
31030	563104
35490	607557
47673	578072
353	663004
353	589505
353	550069
45014	534495
59752	538356
43939	641998
59211	585581
65169	631040
51099	569326
115811	585136
122868	544889
194523	623595
89879	604122
76978	564832
160424	637865
194572	601007
89661	610856
155058	570141
194636	611630
111424	626408
121957	628635
228480	626081
194672	617426
148173	593278
131611	627491
98703	659498
178036	567615
159877	585174
159985	543335
194722	633083
4802	565027
159678	615054
194733	603360
6638	572198
105638	537105
194757	640556
23452	543438
35276	543298
3733	657848
16344	650393
39263	540429
60303	578771
8873	555986
59079	585731
55324	597819
45883	629621
57946	591257
39932	552625
39010	612272
98452	560419
87670	560126
1470	530201
96389	631060
131739	621184
85912	580454
96361	601788
42880	583590
8817	586777
142360	533286
10022	633448
242643	566051
49491	588311
62815	564219
38141	558453
6306	546776
117712	568923
151076	581912
44840	629736
41361	539223
47128	605379
82828	531104
502	553464
1318	562195
28971	576832
36726	569058
12354	596388
50369	577059
39605	577962
553	538468
83114	639163
15047	619857
60081	623865
54862	553748
123782	553216
44962	549605
2398	534723
237676	555126
40859	595008
66308	528951
86506	556100
62581	615790
45020	582324
115630	560979
13597	606478
65891	637292
37598	630662
34190	553742
3180	600102
9311	614624
42994	550977
52452	602450
34154	535517
65500	531299
63375	608805
78014	549334
46707	601916
64278	551919
26302	603499
43311	606199
21327	599371
19864	601966
29031	540165
28022	598805
66272	593853
57040	606082
65902	532026
61811	580593
32531	609563
27785	643843
13398	587011
112104	543815
22181	546544
5237	539395
28909	604973
39155	561713
87383	538924
9158	622835
34557	577671
45405	600160
46366	542703
48083	594926
2436	629634
65570	601186
21620	606328
4001	619611
3412	580033
45366	623367
59481	656215
17743	631851
51222	564186
38472	558474
28534	565446
46726	594382
22760	566576
31047	546987
19968	626601
57560	616445
33497	610889
47355	568564
46278	608086
10034	536046
30585	645027
56631	542372
61733	647653
23881	605633
40070	537423
55408	616571
16153	599334
19286	632895
9477	574374
53845	607360
10437	534925
4498	549030
8896	628336
39685	590215
26607	566274
194930	578561
42674	539047
60315	568573
105887	536027
145363	644353
48352	574434
190134	621943
94151	540703
1771	527566
52212	615382
124316	587585
42362	647995
132496	593995
44588	556272
56204	536285
36808	532406
14217	645595
28978	637033
129558	528036
28260	553018
55337	599549
160832	553461
58132	601135
17978	568434
18093	538580
401	628076
44935	527085
65274	590021
9246	530677
62981	550227
33325	564373
13030	553141
208524	584087
9486	546809
34665	573582
42182	628795
23865	566433
43011	655528
168934	609407
47683	526594
59141	604074
134634	575418
39998	615185
87531	568861
155976	597525
73786	541838
165431	616516
35064	667776
21231	549311
42678	640263
67159	615643
48981	592750
70006	541588
46772	605032
61498	558950
47308	609154
25410	626582
39016	616812
22390	568694
49035	561929
55279	547396
19387	549513
50573	588540
8187	586989
59887	611089
17931	555145
5286	592529
44516	634512
52069	556864
39728	556721
19921	590942
49018	562388
66465	595287
24319	582548
37903	555517
147137	552987
39305	563500
28691	553326
35903	533951
18510	544553
8913	564838
59403	656073
15241	529518
49345	594205
28045	545224
18173	551369
18151	653269
14477	559318
54487	534063
34326	641596
26614	596682
59719	548255
44390	542392
65622	580865
38197	556007
1959	614860
13280	558127
34434	590163
24415	591435
38426	547758
72141	644910
55625	539786
43403	586375
65955	579269
47509	596459
42356	552613
20913	542592
8883	655742
47267	558389
24126	583563
6079	572815
57128	632989
209968	553085
15919	646311
41536	583599
42599	650577
60645	560293
45032	610746
50850	565847
4924	567212
24658	525938
134668	619665
38204	531169
225306	583776
19396	618462
34506	559168
2815	640307
60352	561619
61008	542870
9861	538153
14757	618795
45025	643588
3745	546982
48740	558966
35226	591545
39944	561324
62905	531268
10424	599789
12677	586679
33510	552773
49107	535840
38481	531470
7693	563136
3399	665873
8716	598291
61208	541189
62374	635099
63592	638001
45052	544724
8645	544618
438	599779
23915	552926
73530	611753
55568	596310
35829	596981
63135	535004
47608	575195
61322	536299
10588	528970
29116	559039
36434	569847
73692	530655
13858	545790
48912	536199
5981	577451
508	552545
7610	661494
18137	547256
55229	589102
56636	565779
8502	574687
24552	599993
52296	655778
26347	579189
55556	550771
1490	527924
33504	571659
50844	649313
49985	599223
4009	604915
69218	608791
34782	658944
64047	546916
85566	565190
33515	637994
4853	586999
8752	658232
52578	622946
34010	637035
152088	609432
45489	552063
29386	605274
29724	543257
35868	633206
40199	564986
50854	572386
43882	630113
74066	558289
47231	604118
53180	565063
7647	598005
19274	623298
28391	587181
50862	630760
38754	592976
38762	650021
40511	530861
60961	538434
57157	593618
40863	552593
81809	568186
32670	565928
51650	551464
17247	612392
65683	526058
86580	549647
41182	586259
65425	610932
59199	563400
60787	586718
65907	532793
43317	620693
41229	560168
58745	557103
33521	555429
33528	544107
139300	637375
39808	597864
33019	543212
47003	561424
53669	551523
56228	557168
465	548314
39612	584111
57305	631239
19661	536432
55061	529381
66870	617564
11016	528844
40203	534112
28133	562886
6668	573788
35326	571009
42799	598773
51602	569062
17341	606119
52061	610269
57224	604809
14148	549382
55362	557669
59164	635547
9357	565453
35835	532460
50312	591747
2082	539790
101815	543468
25346	598629
12425	550159
26400	538394
63886	640920
34673	565627
62991	565517
30371	596901
43933	638021
39733	556627
47349	549502
48817	547921
50796	542992
58714	640877
332	544495
183120	594581
15925	541669
9320	590071
8469	616426
28553	562929
32476	637261
41640	586173
43057	532450
232	527652
232	596547
49111	581656
59525	550717
64419	614910
29299	582699
63947	556882
40614	637085
20218	572103
22669	568935
40868	529553
160622	648301
99714	618850
145386	598788
13756	578801
12517	657933
57670	593563
64796	729731
42999	560499
7306	564170
65874	554765
17863	570616
110587	579855
961	559290
30098	529126
34448	549243
79719	627143
62600	559166
61073	597265
55344	534654
56772	532665
33007	535000
67000	596578
3181	538840
16660	591699
31525	575523
2966	586572
9107	556858
48334	544087
50520	594836
1201	573556
63090	600486
73985	555571
44293	645112
3217	575108
3217	579134
57291	555974
79081	529438
180149	674964
53378	549965
34752	640807
38293	635155
30752	649347
30612	585251
429	590035
136407	565616
27137	584682
36053	605000
61015	529087
41192	535424
46289	550010
7040	582099
70809	612874
18903	567392
31100	634173
27576	563489
21194	578153
23170	647719
34686	572661
2934	542599
54361	542143
4429	550832
49728	587537
21889	606994
53396	546532
47169	572479
124858	656080
50394	531142
68999	606272
57494	544472
41916	595804
43611	551494
20925	594235
40031	545907
131841	612163
107127	645575
161554	601567
45474	600906
13722	573955
93812	615001
59954	576679
59085	584113
775	568446
34901	593013
6886	602134
43297	587360
7491	533176
158	532469
1915	573416
109842	567504
5572	573169
149842	545771
7995	526674
84017	553250
25247	579671
135184	554448
133843	574848
135984	559518
76339	616129
14294	547471
9237	556427
32294	541965
57272	583288
38944	544302
10214	608744
15018	552321
9363	599106
34397	589583
43322	571100
13483	597534
46916	598208
44106	582401
15069	579892
49208	589301
14336	602565
15887	603643
17459	565403
37561	562050
29234	538341
57681	580648
29339	646360
78476	551669
27946	572627
39021	560192
22769	626650
60362	618581
244972	559446
45046	573921
49203	549914
34484	576924
17158	570593
62322	602587
217	527398
217	613253
22731	588807
28756	622585
30113	655150
33544	638750
35319	576045
482	527398
482	613253
482	626015
39003	542413
46272	543412
6243	585282
11202	635600
44676	569954
2776	543859
2776	527674
8240	534200
47427	551082
42652	535593
65854	584153
59842	605954
63709	573290
20759	610878
60296	561803
139273	569830
16793	565383
41544	599419
43116	529627
51576	530686
59101	557293
78064	540128
13502	544006
33361	543487
34883	553797
70191	630369
35031	627080
58728	607550
51845	547568
66154	638228
44195	579020
2285	558423
2285	536124
41710	565529
53017	610553
118226	602046
50374	551229
290460	527199
31322	529780
51583	607306
55574	572404
23664	546468
53081	623676
38688	603212
156413	608760
20006	563339
19507	636404
38531	537655
42072	606713
43842	575992
3660	579115
4088	627849
60939	590037
49927	572537
28983	623340
60290	548170
53327	609991
130125	617857
53239	587758
126236	600737
17552	640664
18100	633627
2941	639486
47701	559427
2997	624130
13044	570159
23948	557134
11176	573481
31514	647771
54424	665654
150944	633444
665	549028
43125	635218
21717	539593
35149	529741
153383	552224
43518	534438
126237	546935
46858	575905
13730	601920
65216	560523
34566	621421
38432	540437
8075	580656
47998	588628
20662	602133
37788	534061
54269	549412
23351	540293
2936	623178
58149	551789
62594	579297
20021	566673
37173	539672
148232	564586
27749	565690
16750	638732
50503	615425
17857	559712
49387	558642
57955	578546
24698	587807
19408	623603
32899	561457
42681	571672
66728	608154
34246	590054
15256	591334
28317	543577
49456	639000
36615	603777
926	620846
28340	603827
71486	591598
43513	638849
42027	642427
8826	556161
55619	542671
60186	600054
44405	559048
37836	526592
43528	608826
12569	654007
914	555493
9199	525768
25777	542115
53384	591849
36216	538379
23923	572360
62247	590161
133089	533392
7509	581406
36286	533841
37908	536748
18823	562706
49117	567226
42436	528081
29334	572710
27790	582664
61607	595819
62345	557973
22698	567169
79899	557390
8607	597614
55369	565923
1143	559186
59797	558649
238589	549356
50567	588492
1365	638690
1365	633518
32659	572372
66298	620528
44202	640207
72223	625190
49932	566271
32575	607671
53474	535637
19999	613920
12734	607956
86665	602611
31312	532404
54870	548390
50179	628981
75100	663201
32214	616317
61651	642389
799	581526
56537	550443
268749	644073
18122	614513
47055	591326
67102	614790
9616	635967
36342	540630
29876	552237
52526	641225
73954	624333
9305	579790
13084	560700
59097	600977
51621	611178
55980	596170
57555	661275
44643	632643
49916	589470
60590	590305
46910	538826
18917	606848
26995	563788
36460	558728
27268	609813
61823	562045
12740	545270
34603	565493
43656	555506
20347	569943
24044	557786
46828	538251
44705	627702
55806	602753
59532	618487
61508	530162
52243	579228
27261	601314
34524	587467
8718	635660
55485	536778
54612	535928
53403	549808
25773	543325
31410	645984
65742	535251
62852	635338
10207	533641
9876	565020
63882	643478
16994	560300
6997	618377
745	528860
4284	558357
68043	658457
8746	622735
44808	565163
9230	646420
195102	621801
216533	659884
164991	652895
55117	559344
19788	605143
70242	618620
44360	534296
38770	528110
116604	619829
4095	563563
39875	569312
52513	543485
108317	545692
58764	527871
72898	629107
73032	558481
64776	527247
72500	589008
76411	566566
65534	614458
214171	649023
58678	609613
31446	609963
76448	552871
131207	580327
64867	601208
30202	585888
46188	616441
189577	605266
51174	552933
27377	587785
45039	589389
70621	528996
26029	620239
7567	594617
9511	627584
8838	610875
44087	635527
651	542154
55944	604048
23104	543735
35916	526428
25258	566161
36016	531836
902	628463
56836	584192
3330	562979
25334	636538
37855	568899
282258	527034
20834	546444
28684	540046
17850	603171
148509	657544
3347	583225
29887	552140
5150	605931
62842	531419
62254	590083
11043	526586
28831	565434
6689	568713
4013	584656
51	637648
32065	528991
63264	601006
69342	547810
4467	547716
2892	540606
195250	663427
77362	649538
77361	529333
87597	541731
24946	605563
30158	573144
52115	530949
13309	596354
13144	616206
31327	628036
48478	580183
33532	613544
195254	643946
99515	547521
8487	578663
66413	596429
26585	648426
54708	609722
63572	538439
47470	540180
73653	630795
30956	542546
51230	606599
63281	545777
122876	568778
195304	540504
99437	595516
92017	538390
195333	639662
72240	537473
69376	665189
152093	607898
568	557770
568	568507
568	533251
22776	575754
21335	587385
37915	594994
52379	626552
3940	530142
61215	530279
1180	555891
13902	550465
18127	615258
64966	533835
121025	538565
11050	606370
57516	528683
43662	531257
29048	528850
43919	656766
3652	629731
3652	611116
58493	537916
77734	529331
195393	536040
53481	620773
73697	566337
59217	595986
195411	607597
122675	663002
16356	645810
16368	574680
45650	549186
19060	605909
195434	633642
3276	588058
59994	632148
103365	636887
37999	606038
40881	578099
77874	543661
71426	531083
67726	748142
132629	596842
3383	608414
157930	552383
41119	582565
85657	604221
195490	654102
103757	607394
45890	599507
15695	550291
50097	536970
21588	620058
43909	626679
16466	612063
68800	576125
85663	573976
80864	595029
56244	556797
49991	641152
26165	551498
99068	645498
273818	544401
220414	616402
66626	532989
147202	549439
9072	604817
1013	541477
1013	591355
1013	568507
1013	535658
24059	573793
152463	632253
37477	614830
30657	611675
51750	529420
98062	559853
8603	560323
10932	546446
16287	642013
64544	634505
4856	570452
6453	616061
69028	605497
8108	549052
65053	595394
840	566925
69558	594215
3220	596342
74353	553843
4380	596770
70197	532200
10228	605139
37961	590209
29238	635916
65401	594263
1658	614018
1658	589505
38386	545762
47593	538100
48399	596526
52843	545262
44847	596448
57974	585932
6805	580971
29519	562481
41188	621741
47441	593084
55171	609914
21785	639174
9360	614816
41717	561651
38638	570409
44099	641838
3477	592986
5086	575864
43079	625400
33149	593387
46110	650669
47464	551831
19793	648016
36953	624689
62235	599875
9491	583122
24564	541235
44511	557537
56469	601449
60348	593996
66925	599676
43131	593813
53096	544683
56842	544010
36733	534343
19954	552909
10611	577522
34991	638263
6081	632601
46082	615288
256683	562434
14752	593014
9307	637656
22054	528142
25127	575938
8822	568857
51656	558072
5983	610261
510	616354
40788	555535
55246	534959
38117	583532
65208	632724
7562	546914
15152	606958
44288	657261
6934	644294
32074	570783
65711	628955
59287	536166
24953	550115
40534	538558
27642	560758
64871	569406
18036	557399
25958	552175
691	596547
691	543279
21437	556338
39362	555545
47203	529834
42746	600234
50319	552677
52758	583814
55948	607082
59558	609795
50875	574110
42845	542696
17947	625490
50409	569963
22093	572979
65228	584075
47886	634367
56705	570080
57088	573447
44652	607383
19778	559192
30526	559850
40324	562700
9425	628871
759	582932
25285	646551
33418	595341
37675	550190
41932	604999
43333	557090
48708	533245
66261	645006
54850	592220
55881	573776
61516	540110
64348	562536
9854	618367
29180	596058
40079	586548
25403	564715
41144	572223
7008	551739
211519	617864
16965	578950
32690	530877
14860	538822
47980	600628
9432	550932
28859	552746
30017	526919
51803	539624
57349	552177
62606	560272
16178	628020
34700	582729
52236	543404
14866	574081
61897	540328
38283	589092
54369	678886
129925	588278
3160	596080
21188	616337
46854	566445
27868	561208
53511	545353
9392	563247
17538	641478
17544	593946
17600	564569
1952	596590
9214	551548
36795	654388
43047	579284
31356	575313
7205	532703
27273	585724
50190	588670
39027	589200
69755	567825
28016	646258
41656	549980
20655	578806
8960	606048
73715	563669
32822	608816
47145	530191
60449	610705
33537	609485
35876	527470
42535	620920
49723	552378
18910	655695
21046	628722
36578	632768
57531	550652
39033	577691
25598	542897
3464	595466
26802	572638
50092	581767
63403	615748
13612	568474
19544	603930
9642	532281
63346	531398
28028	549677
3332	540726
56169	591308
60695	601953
21167	562368
28763	566595
41827	624940
66303	615793
56710	608594
60871	635430
28770	615240
126	628076
126	653491
37843	585675
35842	533859
3093	574271
59855	539246
20771	531153
45845	543707
14301	566444
16362	652013
55632	536338
32554	569825
42064	616308
809	539137
55095	566687
56415	547247
23906	562355
53103	621549
45711	589903
37470	582599
11055	573338
66118	575129
5215	559741
5215	603776
825	616880
9115	565805
33381	622838
37491	601749
4484	593219
46515	569650
49046	553552
675	611116
57656	529962
73728	607561
27354	574000
27360	612583
3941	657447
63296	529140
26038	590478
32086	579552
52874	636497
20680	525776
65522	535380
15278	559608
20405	576351
52744	562586
59104	552602
109	649153
80761	660340
38050	560924
44303	607152
991	655043
34215	545625
765	616565
48388	535182
9118	536237
43732	546356
55748	530989
53319	529455
27916	562270
38615	585407
50671	583493
62410	551214
54412	665593
23239	555821
26231	591153
45806	579059
59897	534185
67897	596848
56988	599803
9518	586094
28919	570880
43714	610672
50443	598782
3630	548528
32288	590609
21056	540244
171634	572540
40874	562593
56514	538327
152732	556510
60193	589371
45057	656759
12562	528218
21242	640605
30563	534973
24705	636527
10041	623166
57828	545651
17609	589534
49503	601432
46759	559734
53158	543048
44399	608939
30492	654886
66798	661364
66631	597053
56492	649348
65149	533257
53149	568670
68545	554577
77162	590169
3897	584500
17631	540037
26914	578247
65355	585173
47616	626686
15134	578278
38778	588160
19740	564085
43737	573460
11195	553784
65326	549764
41747	552556
57839	637213
64814	574689
20265	639019
54196	648076
63966	615152
17078	607571
9755	600899
31437	598232
69164	548289
16169	647720
1145	663064
70071	577168
7120	536223
29392	619944
37680	528359
86428	553683
54400	659165
55271	629873
60018	632864
48162	601906
51949	567050
37102	526763
4906	529349
26354	570510
29191	531960
33331	582692
50788	527203
62510	604070
39652	554371
80428	527735
1147	596930
16971	562981
86882	544242
41367	544375
53529	558327
12693	571584
27367	622742
44864	561103
14536	613940
12597	563922
22212	640351
39438	571026
61724	541931
57296	574620
59455	596833
26083	572472
21602	580391
6436	625405
9020	613325
22783	571545
45064	580194
106031	570211
50325	563610
31845	585178
39916	546482
54067	630660
57448	615369
2144	560382
15305	633691
20867	527894
23256	599049
34018	646637
56671	538738
58984	582930
8475	532743
62613	581970
56095	553545
114095	598897
52923	645741
47281	527995
32482	603592
46170	601499
56010	575119
28153	528693
43369	594129
22452	541791
59353	608944
73778	536501
47522	552515
57721	541348
9583	634103
50011	535917
20877	586487
46164	573678
3650	571208
29108	599154
21155	529264
48519	630867
60819	638461
33550	597543
42727	563991
46378	539926
28311	553327
52531	621425
14838	583497
18779	556560
34032	650771
26600	610668
25807	576876
18376	635595
34063	573607
34619	547392
45071	572946
53542	562691
46562	577909
8790	539245
306245	534521
4561	540928
35415	652192
33111	556886
44615	530051
59047	618798
46383	625869
28960	558122
37792	539911
55643	639023
40330	534589
38189	537093
49301	628996
57729	559487
56549	596047
43349	593526
12641	531797
33557	636485
38183	594707
56017	573295
37076	539761
21734	607378
58188	537498
67015	623458
9180	648356
38784	530616
49922	556958
47370	596096
61281	551353
36294	540094
26359	633719
45078	653451
44683	625404
6400	588379
41811	549543
31865	573540
47314	620414
67254	549870
64141	554142
88477	571108
57917	567714
22525	563404
7573	581989
20779	615213
31602	562262
53447	544414
964	605238
964	589505
33282	604759
6299	606644
73665	621306
59035	622265
20012	542330
29060	526803
169786	548492
30902	543604
55	638098
28066	553920
39881	571204
44522	558365
46255	642622
29398	539455
52773	530452
59998	555346
13457	598783
92320	593588
55204	532605
45752	623507
9301	526157
70696	531041
1816	591588
38210	599707
28084	628341
33339	561183
15943	599291
40410	590643
41877	620535
20192	605399
18560	612019
11161	586135
2069	548647
109212	630289
119181	651997
20642	579971
274	612965
8516	612964
107678	573571
59555	621165
19976	555421
115960	647405
41574	568981
26626	623311
8748	561532
10346	542266
66801	614839
73024	548923
1941	558797
1941	587127
9317	623571
53917	547434
25416	554363
21460	574851
40075	542996
22306	616654
16666	631491
31931	549916
153413	583009
97929	660267
84819	537261
130544	654117
26170	587375
15949	560871
6926	661226
29405	537791
48729	613947
57169	560936
90016	577870
80565	624395
17617	563803
9322	586807
147399	617730
40622	546870
41150	607226
14551	590045
1494	665119
25659	577062
30596	629932
8941	560551
2331	546116
6303	629216
176248	552330
9708	595642
91003	541900
1035	616729
109049	542122
14579	576974
41499	529530
20706	537334
22903	584171
3597	603334
54736	537733
73867	526462
1401	586352
39658	608117
763	667397
39664	541553
100281	566661
48343	610172
101641	628437
85160	574892
213122	574600
18698	541946
1077	532101
49123	578800
62886	576500
46019	588072
1160	608109
66266	620488
25531	557329
21390	569432
7429	616833
9285	561222
25423	553055
39311	581142
49533	544748
92009	526119
19755	644992
195831	645234
22085	571407
29244	538223
32828	594883
65601	554076
1000	591355
54277	636708
4222	620244
59578	597292
62337	652104
59569	638990
972	547399
53333	565623
48843	531315
41155	549255
42604	625937
57663	579520
63939	596052
9443	545684
55458	528966
21111	582464
25427	543313
30799	567529
47364	633193
12624	636149
42686	632418
55503	602375
57507	592225
1606	587894
65781	558929
37239	553044
31333	603440
22396	614614
148088	552512
125711	531089
4055	557659
10823	565681
12752	526406
9381	583086
22979	666917
23041	548592
61230	651924
25544	546472
56099	585662
21989	615560
29357	645439
24711	603684
28384	574063
38792	579033
43327	562213
40091	535393
45821	545995
51237	562718
58554	556687
63246	625989
39038	561060
17624	532633
49631	607972
38216	539221
28625	611140
51064	584152
19053	647086
7711	525992
106168	564035
22894	555152
52639	623781
1116	624901
60914	553483
1690	577031
15075	597428
41663	637754
38485	604452
25605	581370
51072	620619
35967	585641
25611	593852
40552	526353
30668	628637
59091	543710
55637	536003
41374	530347
45089	612746
85887	622006
25266	533137
55275	551707
25340	539792
23095	527125
28436	578613
31607	637180
66094	534884
76944	564856
111088	629085
27042	568946
42661	548785
61707	540660
81288	562425
10867	626159
20273	527707
40209	609308
25352	627390
30674	631994
995	594309
80165	587709
54675	543378
65588	568868
87266	625726
40085	598456
20428	618895
30224	529309
4403	606828
625	543057
24377	577566
79336	588768
101795	600412
195879	656901
250166	601897
195916	553038
53588	619397
79208	546023
67020	624404
67651	555216
27416	537267
32092	631820
12876	584538
9459	562649
50508	571642
623	560671
62621	625055
45096	610640
22798	572675
76952	533309
16185	596733
46689	618227
44944	617125
57750	593143
18391	557988
236	579748
53756	616684
37573	580883
94256	609425
248107	592910
5080	604124
59564	530199
50007	591950
59802	528225
52936	552192
176669	581855
35948	574443
25456	599745
30091	577589
39824	542319
45417	556854
123243	539759
107987	578068
75340	558331
440	544366
440	591366
102057	587586
74840	567446
196066	654098
185978	562655
167649	573190
160826	567206
87422	619855
184299	740790
28441	580624
1576	552558
15312	646676
12822	542338
41883	607135
56790	573708
25070	541353
57923	575635
49559	622571
50274	616382
58301	619519
56058	655624
13431	600956
22518	546695
83381	543341
26225	534295
4927	564537
21016	623797
58263	535079
11444	576651
45624	626137
54748	621509
38056	554018
135409	608451
57442	611144
127999	563380
17100	609452
11691	590393
82922	557508
91659	600709
35356	609487
28546	566312
34999	644691
44621	643661
123791	644196
5041	532105
68225	571880
49327	625630
38392	549763
1121	553777
7000	560450
55758	572117
78808	580243
94109	546289
25921	607089
381434	550686
28582	610240
53762	619821
39212	603822
9295	628106
2229	572629
196225	605567
101818	606695
80901	556735
44734	604465
58829	570560
85523	582534
27198	550531
22743	573163
41108	616212
50529	588129
44477	609598
27451	575576
11181	607634
41554	621405
19803	623394
58361	606067
16884	585096
6165	591714
7785	587952
15769	549512
10360	619736
24872	572309
12348	569900
9382	531813
35716	595428
50534	532781
64390	607024
29830	528462
33563	635859
9377	544662
115268	565355
14040	584876
6054	667133
21779	590853
34379	555744
40039	611741
47575	536644
51981	596406
56626	567864
39887	563879
25383	614418
35895	544568
3990	663231
21595	615053
44791	622494
31561	593970
65108	526339
53232	568553
49637	612324
34531	629175
25506	604761
67130	611028
248195	761453
49938	585776
399	635726
42258	553947
65747	532343
9203	537130
121075	636760
60086	579430
81139	640868
33570	591574
22129	571951
77897	605921
66252	627184
68266	599074
216746	630031
33117	576750
15324	599761
67539	620701
79957	606874
289	547965
289	588761
20521	588761
66142	570473
58125	623672
9233	658298
54374	638504
5597	537872
6427	537475
61617	545198
56498	611773
20507	637128
45397	537648
43534	585290
54160	563523
6510	628290
7876	626341
2216	579102
75862	660923
7012	616642
59962	634777
116846	582474
24571	531273
41224	537598
258563	577445
63646	606143
96552	557632
6253	573377
57767	588499
29251	544837
40665	550117
25617	585644
39956	561599
54262	538000
18624	647284
53549	601045
108983	564230
217281	565668
70740	632796
24240	538194
23066	596612
73549	565293
26467	552159
31366	623018
56577	532755
48535	539685
49316	557310
39565	592590
18195	577011
50152	542469
3936	583055
19809	655764
113643	565133
63014	555823
55876	602879
43540	597499
37094	533945
73967	560506
25852	651065
24825	545230
41938	582226
52149	646796
160733	587905
123894	602189
1406	540191
54209	579447
62629	569686
105645	651163
50103	540774
56115	612165
56066	640402
25628	531930
28846	569589
178592	562393
64774	595792
11990	620017
21541	639170
41195	574282
66458	564130
29526	574186
18727	536357
37713	600469
57639	588000
61962	607121
159486	605015
53410	561681
64311	648557
56559	607971
13117	645789
27492	586147
28618	546087
33390	556770
31453	532653
25622	578006
57262	600618
59487	655850
54926	593614
86653	630074
61028	644131
37497	537691
61465	584240
498309	667419
9181	594495
50868	551683
20514	617192
20104	531265
40338	626328
36350	547226
37927	537175
21773	600621
35910	598934
6503	630645
50773	608995
42733	533409
60890	606275
1855	536296
16675	656473
27479	599274
20059	565117
47413	564077
54619	557974
56175	622425
60265	651470
36265	582502
62382	560481
32099	593417
35571	537115
51399	596826
57991	585687
19831	558756
30990	571886
5091	590538
38491	604367
42582	538023
36467	535107
35268	645842
133166	663265
51777	543908
36023	579334
6530	564481
67266	558856
77438	605270
41703	526512
54006	618646
116874	547446
1135	579686
58136	607542
143809	684777
58837	609807
65182	527028
34309	610624
22273	589484
48682	572359
57675	636766
10042	617103
65651	592973
46091	642213
44483	642099
49589	627854
55301	549465
30793	572280
40292	562327
44536	581167
67260	583542
18973	552717
25142	597645
62997	590889
38816	555086
43704	530505
50457	556884
58866	578256
49	529145
2346	532930
19356	548760
52652	570776
63148	620248
34472	588606
50003	610513
45103	571335
68523	534095
30962	551765
59175	549842
1309	638710
1309	573438
60944	578154
32514	559173
39042	585810
29630	626759
55687	555257
50380	605073
82318	581948
47623	651738
1205	618243
38951	571547
34428	566388
6923	625896
61034	645092
7755	540977
14770	634927
9428	543801
9126	636024
42786	641302
81421	646579
12433	552570
15337	622982
123805	558910
1598	558940
52170	640158
2533	620230
13947	641390
10257	554044
41586	545729
28853	623597
19913	608476
29053	610613
44063	550522
26418	560387
60522	533705
86029	631471
28560	618579
61067	618034
62434	564858
48099	541383
22806	551592
25963	612248
41248	561408
45947	622022
49482	544492
54078	559003
66612	570775
40096	555830
1996	575593
1996	548814
66015	626641
8529	635658
33251	593420
31345	620430
7870	625333
16294	577277
28631	614034
55837	586139
22029	560232
40792	532126
24247	566833
25156	540292
23224	590745
28247	585227
9014	621398
64318	572691
34724	537052
8288	608674
8680	537730
186393	558817
25137	550262
34878	654934
47063	569451
53271	534414
55073	545885
56135	662081
9297	622106
41083	580041
49268	528000
1232	539885
9365	540786
44725	540419
29708	551339
27874	586122
50026	617902
42007	599890
45110	588008
42698	553281
28447	604440
26309	538054
35185	587314
39960	565001
12758	569939
26589	535959
62515	590810
29872	532084
39743	533361
56983	599797
43968	605043
5090	626589
73554	633862
44299	569809
38496	541229
12576	526008
41008	620533
64079	557182
58845	645096
43849	625823
34038	569493
122181	598489
3752	555901
30233	596327
27279	648354
40889	544581
47009	662815
51514	596338
65633	573005
49415	587554
19168	646869
27690	626040
55397	633041
2583	565494
38223	553404
33355	550514
44827	535773
65918	629209
13404	539835
28102	540487
9222	595664
31685	631902
38619	537470
60286	565369
9039	636721
8451	535697
59448	564075
10121	661162
129355	578781
66064	585939
144065	608688
5536	593636
51663	571424
155544	641742
52354	561072
58047	642195
61668	527448
9958	586705
86550	564710
30515	587855
10265	587465
54140	647425
62050	583657
62261	557372
74767	599472
67175	536991
61828	612698
62447	564180
50617	552554
25846	569103
1213	599246
40102	572090
52129	546835
9018	592050
2213	668146
56280	550745
4932	540055
34058	557070
75960	722590
4771	534832
161364	552925
40345	543132
131959	630350
16568	616975
35980	566331
2305	590500
32364	557237
48906	598346
81156	593195
1686	553197
28051	564480
45411	570375
35796	546422
53032	650723
47631	604852
55373	536633
87754	537584
25933	577202
3297	544495
3297	595856
86314	549940
79235	559233
43950	561528
16910	624179
56431	648461
4002	583760
12870	595293
30267	586536
9869	565415
52591	548945
1243	541723
19175	623959
3337	558033
48023	638611
162951	634433
14982	557069
9066	564284
1277	599345
55592	603769
60028	530690
61683	629951
9542	604455
58770	581777
18029	550422
10530	632367
37756	549235
24254	580394
1094	557770
1094	650443
64458	594306
2733	544099
38438	539693
64253	587657
37002	548508
33293	614548
40894	584273
3594	550975
2813	537943
7571	554465
25063	555302
60701	652780
63369	616343
43027	534421
33047	552607
43827	555243
38805	547492
65815	564153
65821	553374
1736	572514
17114	547023
42445	527432
24138	599858
24052	543614
40044	619659
74815	531168
43252	530239
66640	576477
44593	639252
24428	530592
11472	528290
8299	593684
7887	615846
46345	551294
50451	528317
27284	533003
40628	532626
42393	576019
1495	551790
10618	535231
6462	657716
9235	586546
1880	628293
34551	599869
46087	573748
6479	585494
58243	542976
12962	539770
9715	558502
51903	580124
33576	648519
39568	611265
7447	571799
20138	531491
50112	639710
29762	561564
44261	597409
53879	644217
56741	628205
61832	581709
50887	617409
30812	612884
55655	550751
100710	555705
149031	574623
127584	566629
47108	562358
57255	569655
30552	609060
35473	566208
46766	600252
2937	543133
8696	528083
53925	532557
59331	596890
8919	636782
42410	628892
2110	587047
40684	533718
108218	635479
83309	570490
126135	629069
25862	565077
57762	635832
25150	591231
17108	621987
57589	531616
14414	532417
28995	562920
36744	532985
38287	572597
44950	541424
48088	527625
61549	614068
469	540022
145410	632696
24605	592974
62095	600335
26096	544659
85634	528258
40405	525862
60218	604575
1412	568596
95685	563576
60378	620118
177222	596798
55318	612901
10471	544525
3530	616179
41992	556429
43431	583233
5438	528466
19989	617600
48445	666597
56325	533889
58160	617351
46892	589905
62638	645845
17985	621773
38063	576967
836	573164
73792	606479
35723	568910
27143	549682
36071	609650
45117	545422
22205	626850
40107	610352
27631	556941
34745	548151
73181	740057
132040	652298
22312	617044
18368	621984
14977	634209
2989	529198
63382	536182
329	536704
46921	552414
61621	539262
37016	602903
29468	592685
40357	605879
50583	540277
43618	572762
63002	538728
14329	567616
46936	528902
22717	586020
17165	581002
42373	587320
61712	534442
33582	582524
51313	562329
48849	559198
56437	603505
40232	563419
50296	571491
63007	584277
14872	603435
139030	582776
108482	604818
21741	559511
64498	583340
13968	619778
40351	538161
23369	569090
42589	528170
35684	575026
63996	630865
19195	534073
2860	560546
55691	528525
49811	572310
37267	543498
33181	621496
49040	632244
44687	564318
34204	566192
33053	617035
20539	594820
39737	635311
69530	545078
4156	573203
44880	612764
40906	578488
45122	607657
6195	623172
17305	648580
32618	617145
39445	614211
53556	614297
54769	617015
61121	640150
61167	605023
18236	633057
25525	619473
45128	581054
19294	578397
42195	548579
26051	553097
58179	585808
36078	558576
9721	556347
37644	559262
43856	612366
9386	581282
63527	609241
54697	644464
16300	636762
28203	560770
16379	624763
23930	595465
38444	596744
49261	540912
45566	590943
34572	574487
50463	628725
13170	554337
13652	613367
42208	564032
54945	655376
65128	608191
43374	585760
54183	586256
33591	571662
47176	629285
19572	549690
22829	627144
51244	570458
50469	609546
39698	531067
152206	559000
65949	614258
62286	541239
50199	543864
75441	606017
30763	551822
59358	626463
9441	546538
59074	559522
20793	531940
47540	626334
45862	622964
29345	590850
64073	551803
45684	604296
15743	549915
46713	612056
29268	552898
19537	549047
1157	634326
27216	564802
18705	555844
34069	641432
18107	547944
19420	604776
8163	588565
3790	558891
55780	552295
50031	572487
38228	526598
7730	608099
9447	623557
72593	547204
60231	575509
32879	580037
9313	539316
18413	654160
1368	543357
253	577985
253	558797
253	534745
34081	626222
50239	584126
12151	608779
14970	654307
49307	584004
25844	543913
54229	604202
40363	552218
25081	593369
66184	531895
13777	648054
38537	589393
63954	621192
61838	576282
66417	566151
34478	603965
5324	566047
4298	537347
31254	590958
32715	531819
41549	556359
81974	555814
37054	544769
44526	599486
23121	555698
31195	571809
6085	533441
6085	589190
35815	545289
55763	593157
14	545550
22123	577013
23444	597655
27205	603866
34869	623244
35647	588213
40633	570065
43408	533788
46249	619059
47460	614058
52013	623225
11590	542394
60367	540579
8432	543177
20027	653113
24327	576274
36474	559401
37567	553119
5172	537375
52901	632991
55100	548238
25000	617008
5548	584028
4883	547259
44001	584770
24371	622597
27410	543275
8945	577508
49621	588470
38633	592006
196444	538117
42736	599653
55402	572918
19067	602882
30591	640574
41014	564154
57173	600850
57985	586829
64802	668584
990	653250
27535	537690
36685	562375
1739	600220
7149	543451
42831	589704
34441	532210
3137	661175
3137	525778
37504	578583
46574	533111
55925	576208
66920	648292
60224	630727
66993	617009
30140	581033
45135	605319
49127	537605
38508	605552
60034	637904
35295	535033
18720	620475
61529	567973
22582	527428
27890	577019
35434	540130
18042	529870
60935	560325
127859	560333
77791	565673
72879	616514
77682	622477
77707	573901
6586	593176
77795	579872
6595	532691
70482	547370
39899	536250
654	604498
654	533251
8704	539008
49284	527519
29742	590781
33082	609672
41960	578776
7201	553283
48254	643450
70450	566827
37603	536675
69340	606148
78131	548090
100142	580126
69850	594401
132229	570513
36298	587294
446	551962
49617	549892
88532	613199
196486	650631
159606	667713
7569	550403
4411	549840
51126	591188
6606	605519
6606	563121
4965	589634
44383	535261
7083	602648
5369	625564
236351	563557
8426	567609
29918	562741
45424	616828
58570	663456
31457	602536
4400	548935
50404	621833
64285	619066
50804	531020
43068	547125
56659	555531
57471	608150
82631	606181
48049	587874
29532	564012
47337	544003
26688	590867
31233	578270
2006	719725
2006	593897
34465	637088
11697	604787
59188	620077
76686	601193
163526	534915
70037	539730
89976	550939
79763	570460
102681	600780
25164	584462
52341	644009
21534	574904
9089	637495
37275	549159
42740	561852
15967	583927
25550	528725
32104	635219
57651	601994
15349	632517
48963	633896
35195	548704
30804	526048
35679	612021
49133	614627
38449	557274
61342	612890
50893	602400
196599	543445
53975	632594
66733	609347
61361	577395
126652	555292
25170	621321
9156	649367
29615	532393
55672	635933
23189	588743
58052	554404
24159	562625
38233	533005
49717	624614
39451	534352
28865	537866
1513	544756
40003	565974
55253	605554
23303	576741
43168	614709
49012	622695
12685	566396
54203	642890
48491	600342
66369	619901
57715	581757
703	576886
56585	558846
175604	652737
158167	660312
41966	613417
32220	559727
46753	545266
40813	629253
88279	532452
53075	569688
66235	546352
1681	654209
55151	565015
6256	558097
36860	574748
69286	561048
40454	567167
76388	631160
22402	653465
10509	552081
26078	599297
38644	579761
46241	646858
3185	629429
50683	604785
46438	636133
47058	577636
12766	559995
101915	589648
27446	587701
62442	646784
67853	543121
59619	583830
5814	556917
21627	563260
23011	655997
34834	551328
38076	529802
54775	603743
61144	544309
43154	615264
68760	558863
46630	606531
65304	562996
51682	551745
56606	643923
53768	592198
55709	596083
65244	557457
95219	575793
1464	574223
74579	572439
32906	531716
39455	632213
59745	624596
40820	547955
45983	588309
1139	594000
27047	625460
167127	534321
59521	609255
44208	561239
68916	587659
63020	593309
28775	549405
40900	562020
24262	535419
49422	587744
12618	617013
73924	550192
25075	552600
133186	617057
19121	590011
27647	575981
37652	557789
65870	582157
65141	624041
16805	651881
56664	578574
77360	623083
80556	599601
80561	531558
76805	527788
78105	550670
9102	600741
51957	578419
74875	577704
28872	629615
31635	608827
66948	601243
35988	527503
42904	601565
50280	568634
7231	598941
86479	661811
36125	587361
30057	558946
8943	564591
65799	633100
45903	533202
3417	548279
31302	578840
60611	610043
49816	527838
42911	547673
35364	625587
50060	583155
10138	549434
33077	553226
39618	590251
12461	588597
2141	559290
2141	656446
45140	589743
53258	599007
64154	567081
45698	563649
10179	553321
49378	577667
22078	525978
21175	638074
52911	540409
939	537384
33603	536471
33597	622067
33609	582774
38647	536918
13974	578515
21425	607111
27711	653510
40416	531990
64267	536084
24722	594505
188223	555796
12392	560342
835	594629
47692	536159
48181	622985
38069	557018
101125	578672
37194	560132
160039	646719
32131	600229
96993	586018
59282	565396
1934	632836
31144	565692
31416	636902
145086	527885
160849	583546
63141	529633
53188	570885
2015	664523
53416	605948
42470	658964
38809	575750
49780	611586
62831	579714
29570	633556
48784	636022
58008	568513
59866	577203
2903	643940
58338	532039
122509	648538
49404	575555
96138	581072
142312	657060
165557	596521
94500	602444
78759	531371
38122	631812
15827	560440
58344	530749
10333	619753
37709	584804
26377	616039
38695	551893
9220	597161
8972	576888
66516	651494
60039	561465
44006	583166
11323	573327
50213	546898
60246	563927
40181	553125
41591	592505
12455	534897
33615	599114
66408	622666
25273	590114
197641	559536
64646	545932
21480	569723
46674	536289
60157	570889
101605	557586
213285	609012
1589	602601
1562	561580
34613	587571
13794	606059
46183	572696
13639	575603
1098	534939
29261	581610
86267	530941
21971	631467
49372	550828
278277	602968
18004	627742
37686	579201
13666	563482
28095	531753
25868	609148
60171	608933
29475	602987
50479	597587
63858	606961
19087	603691
44308	591562
48327	585272
61274	549191
43463	559520
39571	548413
59031	532330
44265	527291
103054	564026
36084	573151
62454	587345
79898	640076
2268	581903
37023	582218
4692	643774
26204	615220
66533	566261
65406	565778
8862	568609
39819	585056
25279	535365
66784	540674
3799	664490
6245	609610
25555	543300
34253	535243
60921	538765
22551	597849
52906	566861
42705	626611
66069	628819
27398	533522
43482	592038
59295	579953
63432	601772
51106	590604
36358	544754
25438	618049
61128	548585
63425	619175
9228	632968
53337	544118
65547	619157
63156	581186
57299	537170
58852	547657
27879	574235
36692	602958
41380	606434
8710	558433
45577	601549
47956	606569
924	650235
61914	563416
28705	530032
49647	625719
59041	575349
6852	538149
15907	603554
53936	589839
39130	562155
34647	542481
12771	597664
28925	636551
9333	528376
24133	573108
35972	568809
33620	579260
20199	553299
32927	529992
10639	553113
9130	574773
50118	612994
2396	574813
25633	577471
29972	583137
51896	586591
65042	609713
45449	550663
17768	552575
12860	607070
40826	585705
45147	604053
44448	573463
67135	612662
64449	644513
33627	627471
56353	640961
35371	632084
13254	602983
40724	576506
23706	638085
45444	572802
23148	578865
45154	529702
24578	569470
23378	608547
23964	544131
73519	556374
38827	601704
43054	560163
56720	535841
64147	533350
14421	621634
21902	599774
32444	563452
10552	629416
4357	566557
23162	569226
9055	546646
33166	586993
293	536871
293	554686
65738	586877
8927	538214
9910	550369
20729	624718
25088	579311
8921	559230
36623	559067
1926	616451
45550	527692
8208	544881
51056	601174
9560	650700
59119	576830
41019	558354
9449	592566
23436	646125
38823	634026
2994	649727
43489	565618
54808	596797
63978	565142
66431	599148
55348	558603
60477	602433
2458	604912
30302	557081
50606	579176
53886	557540
17878	585606
46601	565830
41200	578325
56972	589080
14713	619729
30040	580464
21096	622969
25432	632013
28417	637851
7919	547443
36845	570120
59597	629783
4726	572727
10027	606146
37289	547812
1133	545881
65439	561277
37297	558739
55106	529883
52325	626167
39670	526038
51113	617342
18047	638342
51119	557193
59231	530002
60864	615688
19687	559388
13513	533206
26217	572930
25927	575285
58480	641182
39520	582470
91657	547901
1480	574153
1480	565459
3385	532464
80893	617347
71916	636543
28397	555481
174106	561473
75637	573106
10883	559495
79355	574586
81190	532509
67604	562224
18786	548234
9728	580702
18629	640025
41902	563544
40369	539976
77359	553147
58777	602292
61842	560249
77330	528586
58381	587078
10918	610704
72512	549462
85047	625161
12893	569382
80107	563229
3043	597562
52544	569873
26315	551383
25177	559443
69630	588282
13246	592251
52890	641191
19883	575872
101830	539943
84400	576928
69695	564618
101824	613561
80553	546748
50193	558907
77356	565286
77358	533637
89725	565430
2323	610904
155557	600435
77461	591847
37921	572861
4689	590550
83591	618735
32412	543478
247971	705929
39893	589330
9602	530444
19961	595114
69294	578013
80380	563868
49394	626743
20595	558079
3792	608838
4443	613072
52792	608982
11493	615133
52985	538430
18712	615870
70733	548084
70921	571427
24716	623446
127717	613824
42690	530414
3961	573401
10890	619186
16680	586622
52973	550634
136805	541934
1437	670489
59509	529763
49323	632973
39219	635105
1968	537160
59741	538052
42565	582994
58652	628925
39226	622218
197792	649137
53662	586568
40008	584064
30617	652959
60720	561025
37512	528413
1644	559444
1741	611615
50579	636480
60	564461
26128	603044
37849	551280
22241	546100
81836	578294
10898	570086
9355	526093
27570	616576
30541	569879
42615	563097
45829	590718
49944	626033
50725	544057
58487	616282
80342	564959
130097	618388
5431	643851
66895	564788
69300	646269
9182	535627
41256	625484
49997	588233
70000	533691
9536	592063
17507	589126
20340	569409
26089	529895
38300	599250
8419	587649
37319	577582
78144	588481
54691	609027
69821	546840
10339	571549
28329	566839
6891	584495
41113	559774
77849	540897
114013	599662
15146	598114
67704	562144
50129	542230
41724	566405
29487	551682
49509	592731
49219	568277
64764	593150
1447	648320
32417	630903
65605	595230
50384	574682
26115	535782
22691	549258
37762	556826
33412	600903
81552	580256
20073	660740
53026	538744
143707	637714
86488	600881
3066	580345
36220	555396
36041	559915
29281	564582
54836	554412
34360	637343
44693	537712
45632	564882
59572	630160
39754	566185
32709	557209
110723	656982
29656	598480
40703	526847
26622	628217
5194	593647
146858	600786
1459	566572
112012	536178
28637	540778
33287	551698
7916	545922
45642	639234
547	586039
45912	580503
38541	599759
197824	594877
27057	557460
30605	558905
46812	638127
23991	554223
52645	586742
66587	561258
62878	526075
27998	600625
37993	537308
45454	536951
9469	555057
22992	548452
53650	537796
55518	577541
9543	531131
22327	622466
35943	551084
51251	556254
1895	591097
42751	585502
35694	559046
62101	629121
34457	551474
110258	652265
36983	563567
57435	549587
10502	576184
14229	651541
29070	533135
31105	534538
34598	568294
37200	618546
55666	527715
64523	619148
23075	610750
8758	548437
38664	611841
27959	629039
13591	596233
10986	582681
54743	560655
45606	646286
9353	529322
28407	638510
46097	576959
27582	635728
50591	610992
32393	573110
49137	583792
305719	730459
14156	576333
58690	566890
95056	590756
27725	597961
35782	556017
65554	527267
7644	611803
40282	551096
136895	554467
9569	526747
50414	606977
22334	603210
4974	596660
14592	590805
31340	645054
50184	550994
28191	583101
48432	625690
31784	601324
31691	639870
27660	601417
5322	566899
30936	622255
45759	557616
35342	532871
15363	577907
28699	550644
33216	564495
59110	593474
43860	606024
25974	532577
20996	583551
38080	576610
59326	584913
543	526761
17431	594474
22340	572457
22352	537638
27051	650253
38399	564939
48824	534202
9091	598403
58708	587327
32117	634365
44422	633515
44395	581875
783	592707
38653	537739
74009	551542
34708	545834
98397	594307
36765	647024
41729	550867
22286	594810
29662	591585
49350	549284
45160	610376
14079	585013
49786	581008
9341	565516
2992	588339
24435	635355
54455	584402
10538	605811
6623	592031
52181	631398
60372	559835
51463	609676
4053	537521
52501	550390
62039	579667
9528	548329
8686	548617
49821	607457
32721	567367
55111	600893
40638	540595
57967	587801
27070	537870
8782	532173
64700	557815
10249	588395
39368	556645
279422	564412
10645	569788
13939	562734
21207	561712
1112	553588
54022	632623
70052	620305
56978	597539
61473	538062
143638	640290
16191	658817
60442	620777
61003	620717
10385	620187
27699	602114
2734	579388
40830	575131
46743	546636
7063	588514
7063	543420
48755	578631
55965	582585
60430	536120
48543	661270
3086	553061
39413	525844
40015	530903
79765	536720
40113	561243
44700	562904
57512	551273
40214	575030
52702	529919
28056	624172
187537	736441
30162	563347
53838	534517
128	538760
43637	623696
14776	622684
70308	637702
57805	637395
33753	602257
46960	540581
43182	545927
40935	529943
54028	589073
12834	573549
43354	584998
10109	589379
8848	533592
69350	720858
39101	607027
55144	632625
138864	566648
103854	534433
16385	662581
30621	554617
48828	563878
41206	587662
59734	568091
22511	616598
18258	586387
27289	628835
9120	533168
40924	590988
33090	541386
46388	575998
65997	573798
33648	623077
58500	539691
58858	528658
15381	571735
70576	531823
78127	547012
77591	538836
78136	554910
44663	546490
59612	589999
47388	568933
44145	584579
66028	579245
17437	586702
16391	548502
30237	619948
61974	607446
57310	552939
32855	530889
50900	559274
545	593645
57861	544528
42838	569778
55437	561527
62055	537511
9078	564881
37422	542583
55703	577765
56994	556508
70496	536294
51134	616458
39748	551691
26922	528040
40708	567623
26521	614101
31148	624578
43625	576330
50425	558215
51341	616218
54221	578147
58989	596507
74042	538113
36183	548065
37527	595174
32727	597703
21068	551820
131965	584088
40224	569125
34134	555886
53372	620213
9325	628998
75720	630444
109296	590666
78123	603788
28139	562674
63851	590403
68789	550851
20920	620763
77677	542963
77457	577235
6271	565999
102853	528325
69921	574439
58306	540010
164208	573438
38085	560738
216719	615733
102917	597637
1636	531809
9183	626281
52484	586349
48031	546871
19227	592541
1363	602574
306657	536364
0	623570
148835	532579
38736	590944
21302	614746
71396	592183
73264	553602
29728	567369
38957	532645
115463	552964
216973	534045
103487	568070
12541	530325
30358	534264
43139	641127
43668	599791
52419	611962
47142	535274
8714	642638
61743	549467
13260	538686
26250	579341
6059	610017
40277	569751
44412	612921
38659	546918
42309	545962
32423	606725
56832	568471
52404	606619
16331	638212
22705	584146
45460	627139
33682	648734
41166	566745
13866	560104
19005	583636
42080	599976
42080	559553
33635	589652
7038	640853
18166	576377
26695	607823
39525	554378
65828	628487
6712	652652
47287	556172
15024	597118
12165	549775
25858	590454
6349	562858
3176	600082
11513	547824
18244	626541
44418	547327
10652	530960
52730	545030
59788	568297
58141	535834
61367	619241
1158	561403
53389	545103
57092	597204
11959	569536
46198	533701
62112	546861
12018	620802
23017	615986
50474	586621
10666	592067
115102	620668
410	541243
21791	563455
30229	588947
50290	538732
7595	621041
38840	527546
44313	642323
33002	604938
25687	606870
62519	587896
49142	608990
14265	573690
64016	559407
58029	597303
76296	535886
47210	535587
2073	580729
29412	562523
90182	537509
316379	667536
9941	552220
66656	546671
29773	599596
20417	570467
89656	569341
139053	637723
55285	605855
28712	587691
139890	537101
532	567870
55309	611173
27210	542136
4650	541815
496	593897
38963	576585
8203	654242
45482	590843
33642	635471
47431	552810
44462	600973
55661	529172
47188	618547
44213	580901
57961	605366
36441	542652
94421	536366
13619	602659
8970	549525
30695	653108
40911	553318
70466	580859
5075	553329
180983	765810
136747	642792
26407	576186
51963	601434
53774	599823
58978	569917
66202	602937
68299	572097
24291	593337
36422	569278
4982	551781
96896	548774
96896	546227
56777	636038
72137	539043
60197	592186
37030	592177
22359	536118
10682	526616
12173	620782
14315	598269
66667	589349
17015	633952
140342	613985
41385	569395
52204	550906
8962	634739
20673	585340
28719	582595
78674	535865
124334	573443
44603	543003
1699	593897
1699	628050
26633	570656
29560	586847
39231	586804
10083	548909
66543	651448
42522	610446
29186	595386
13744	573547
12635	542123
46522	646535
184285	594225
32301	542559
44854	528824
197966	661517
31296	644242
49147	533468
32733	602280
23209	579369
111203	529408
14233	639421
1852	596043
52969	588659
56805	597459
61627	540230
2725	618339
6754	628137
7379	602539
36757	529830
45168	590892
10842	538167
9503	566369
44670	622785
6347	625303
43700	549065
50587	541053
45435	609258
55855	540818
64063	573790
29624	631782
51085	605640
55026	572631
62061	646941
63816	635763
60715	621920
33661	589969
33654	631546
57772	604901
8994	574316
39625	583078
14356	607175
28793	536532
60536	554958
131729	563794
35376	620548
11903	653931
61387	632767
34182	557337
3971	540606
3971	588893
61402	590724
68582	553024
44058	547444
101834	527440
77648	556190
77617	537918
26701	533558
52585	546523
21759	548233
3178	635751
4917	543637
59638	636943
66358	536527
20629	595076
40288	617421
79502	548277
70624	622871
84237	626129
144001	613261
77335	574696
20687	540158
110033	650497
81045	566335
190876	535141
96383	551231
89310	586089
62960	564560
54091	587255
13605	543036
36400	572071
26147	598840
46064	529700
16503	549645
87312	545109
87849	547209
110823	542012
77878	533825
7022	584928
198016	642107
24451	595026
6188	646735
34092	621931
38833	526408
6807	585678
50908	535528
53929	527568
64295	543345
51302	623990
33668	645036
18634	622092
16197	623583
951	619611
951	557770
951	589983
29083	575286
47246	632232
46529	642218
16215	610259
71827	615929
15392	605627
34365	528911
30506	656070
67042	575982
60486	651261
111	567768
111	589505
59389	637809
163519	569352
21581	600158
37327	546189
49428	539794
54953	539460
8058	582955
77867	564800
38311	596119
17762	539720
27468	606150
29547	623041
209273	579887
21828	611145
39904	532373
14675	590635
53872	613533
25011	619134
36251	636251
9154	597096
26442	589056
61078	586004
55294	533732
1751	653581
112542	583381
162	585250
60239	603155
66451	585593
28726	624895
134172	638934
40918	578425
2943	585368
44957	551648
36311	619351
45536	592139
38244	550273
43436	552206
51457	534729
36143	561365
66437	570215
53864	625653
167787	582305
604	597196
33032	582520
25798	569587
32704	550064
21848	589420
28643	598477
15397	650230
21487	622196
29668	562230
38995	588924
2051	530028
83636	566516
71842	581063
1595	561782
2766	565559
34404	582074
54097	608675
22155	619439
39703	543830
54703	558545
16312	554285
62670	600982
306	551111
306	533348
306	543663
87074	564339
58995	583955
36170	562666
947	532113
78110	527402
42044	537735
8836	574583
191975	529400
39419	606313
51041	644025
51041	603888
62070	611072
77888	595609
123735	621460
84127	531056
78960	578470
114955	544968
69025	545985
59170	594824
10242	578053
14682	574039
19330	586925
32679	551710
1867	548968
6566	575096
42668	640621
51354	605618
9589	636570
29351	550886
10144	526105
14097	624695
504	603543
48604	581726
53421	549201
57482	659748
17819	547788
18010	578408
79721	534580
158566	619377
181611	572819
157595	582406
162680	580075
187580	582451
111071	634925
68253	564785
100084	602250
198127	608868
198138	662831
19877	634427
48037	551394
6858	529436
123248	649035
87412	565012
153419	545694
218564	629323
113725	583553
26277	533917
240112	635535
196835	577977
198181	625392
43073	621046
30029	587713
34808	556265
48151	539176
2930	555230
56089	593880
137876	598465
75528	551404
97108	605542
68968	548214
122768	645945
24269	596425
41320	574924
198206	562034
23325	542901
11188	545250
9473	636493
17916	610066
9309	627398
23217	587844
65677	557176
43551	590330
59195	592428
103187	535562
52330	581876
83442	571352
59381	552124
54579	566627
80869	554886
7214	527987
38148	635038
9345	582833
9764	650680
53781	625462
55843	614955
59676	590001
73837	553273
2393	555855
56297	590084
33675	534853
21315	572816
2730	558123
34518	544429
99115	554314
170572	619208
69510	540621
55953	611857
10221	530522
1258	587147
1560	593869
38238	529166
19324	552474
52917	619693
45179	646490
45179	593144
80958	608610
76662	534274
9216	627698
2642	627884
58597	566884
181	550301
21408	534638
24276	538934
151797	635795
119828	566059
30769	618677
26322	537681
59541	554265
99846	558175
159992	572612
181736	620508
114691	564401
91684	586792
292779	652777
106275	644373
119480	596329
165867	640904
73018	528608
73232	545900
78695	588532
124102	624152
80554	607303
75687	545822
70743	583298
133835	544093
60572	582609
53348	549712
117673	654949
37692	533109
8964	533373
53047	608585
66509	657049
57058	590450
54757	589765
28273	538265
4373	620119
29481	624015
80117	592512
24612	587440
57498	640746
116041	608065
6611	649707
19551	574810
44132	555753
60824	573584
36192	525920
130074	562487
65911	649419
40755	545895
53722	556764
54127	650225
66722	572981
59301	552814
80355	600675
56847	600687
152403	540209
90725	614191
49563	630036
45919	570739
14504	612585
88717	632686
59410	638661
14369	642777
9082	622733
65307	650169
53568	598134
10	554704
64021	619619
105297	537542
57855	622965
216566	561835
131971	595116
20	564459
11503	537717
162300	657893
162714	719311
198438	554309
55431	588960
80729	561866
77428	533902
2060	580083
62416	612928
42874	624373
72776	550157
148860	580878
144103	657790
135041	657499
77788	539933
105938	570954
11785	558027
69771	650261
62353	591809
3910	648791
45719	592913
167561	581118
29143	583744
79236	627487
151243	548748
77508	537849
61903	588292
77942	531746
22253	540260
77577	547097
75285	565502
77690	575965
82265	601645
214130	530245
109713	624341
26329	571475
158421	621756
61701	593851
26384	557990
68853	627056
75355	581520
185438	599445
2115	584966
173561	598909
39173	589884
2562	617173
109357	561760
109043	551915
108227	573334
67719	547482
8050	538888
85984	639767
198619	531043
198628	563603
970	559971
80888	607493
30354	583594
1461	541223
2054	546048
2054	566270
1624	546048
1624	566270
1624	568507
128387	641027
81112	633336
81121	593005
2089	565559
2089	649699
134045	738067
4098	561155
435667	668260
74603	546896
96575	617209
92091	589610
77857	610003
103325	668140
87859	628176
49642	590029
39237	534229
69088	631339
59336	645607
69803	581402
122188	571414
80135	567976
82396	576594
98463	598536
80445	552507
157876	607755
39374	561108
3731	561515
38406	571694
6931	591549
112779	593877
186049	598573
48838	529225
122774	588922
159778	572121
164618	611431
66900	571541
59364	567796
73940	582028
1267	547853
52459	550062
84635	605091
106150	602343
2078	603396
3889	609785
7430	548141
131084	555221
77561	537040
42917	602211
45991	573597
32111	618223
5235	613223
36780	564535
47082	634951
59307	597809
101134	618301
39051	529576
13810	527688
53788	575715
60729	590909
28458	552034
28788	589455
37617	544557
22621	548022
26818	581798
41260	614483
68787	538645
62359	538824
64425	533303
59370	531362
59492	534603
11521	535804
23647	598637
149682	586392
22407	628690
97017	653869
59347	564005
50539	565376
62646	561098
59053	597772
60734	656447
39243	540932
19613	562757
40712	533415
3126	617293
8309	529712
2707	587582
63893	560595
50330	558581
14525	550508
29495	622642
32225	607343
38455	586158
41560	605657
1172	649793
62655	644030
51319	587538
34075	601113
36365	556461
38700	575244
1697	595647
27540	568745
29001	535901
27063	546343
4758	535167
60043	565248
41160	560080
85901	569745
14895	583080
8166	615786
61194	530979
40218	564853
59431	550450
77520	615637
27082	540173
11568	551149
1211	603388
64929	529077
63288	546484
37803	566963
32544	568416
64113	587399
9581	653699
63753	555381
24165	598859
63738	637232
42806	579802
92411	658105
199031	541340
124287	630832
85816	552116
78382	535595
75582	560152
226400	584356
111419	650648
297784	585422
144926	569973
166487	650587
77242	536036
3035	610267
212087	597231
113905	654179
84244	588407
81275	600088
110427	590546
86050	586577
199226	593316
5541	580646
215652	638685
133675	565227
42609	569712
49651	549126
2414	567260
67218	554766
38502	567680
2756	593216
9565	592733
39380	548318
49333	572812
56936	596222
41024	542264
8720	542282
55126	526243
24179	592682
87208	545903
45440	619706
22684	595434
43631	619699
39964	618761
49152	528194
15820	642362
43246	554868
54190	564595
52471	609683
12534	631956
9051	623961
66009	620709
6949	631223
58427	646193
98567	527446
35995	529041
12985	603319
19362	526928
28146	587879
33689	622804
66555	594879
19183	563045
1812	557235
39675	592311
42621	645134
4416	667233
56519	608920
4432	628880
43673	526871
59423	563969
63809	549228
45193	597501
40929	590841
27125	532300
9093	560699
48570	585444
29673	613518
57000	619514
59205	558902
84741	555612
453	575092
28649	573482
42368	657300
29042	611956
45186	547038
25359	603047
2204	557687
51407	602029
31644	576706
18497	654256
7320	600383
74554	629112
62802	602361
75077	618154
53503	557144
26388	625720
112122	556329
134673	542752
24617	560702
43678	595824
12916	581648
9170	556067
48916	586175
43710	635151
13585	583638
27592	576945
585	602947
2444	584099
4534	537618
11575	589525
64942	601804
4526	660083
153365	617836
85877	666222
67724	599251
69520	599656
1469	591366
1469	565688
75747	550321
170923	638863
131544	603888
74470	608231
72609	558293
52849	531691
199418	610055
168959	612946
1980	611181
22234	596173
21796	555366
143481	607797
68442	539162
78606	557722
133375	543147
67717	565126
77823	578867
6882	552935
44343	574835
90884	529659
2441	566514
150894	545644
112575	538967
12049	583308
98765	574794
11870	613851
58504	565385
78304	609198
12194	540781
5689	598614
74906	529923
150587	556252
48968	557111
78435	543826
190900	600782
146102	598796
125947	587277
52801	662853
65088	549836
71461	534756
104188	575772
2289	571823
60656	558227
98763	590232
129161	545607
158952	600495
57849	603877
57872	536245
90473	631225
185275	597268
49568	545392
71638	584589
21548	578227
89836	626196
67937	542206
70338	603176
138531	579040
114051	602853
104135	526390
77464	536670
136231	752010
105805	601362
166500	639456
100578	637910
427	570208
34304	580513
77935	545140
99725	550487
58721	535934
1330	610221
94268	637583
94592	576192
204501	602461
43821	531706
131978	658586
65618	561912
2391	618149
31040	544357
57364	637970
8538	569937
962	641909
43832	636812
180361	577041
60623	588714
15961	569859
15412	565104
29576	624445
58880	542556
106124	578638
58316	636007
6514	626667
15435	563642
44465	595881
26759	579030
6316	556400
70454	651585
53211	545819
43974	647013
9178	542856
58610	565476
24284	528575
39056	582190
94241	588693
15420	561975
1395	639198
71017	542434
43557	557833
41505	599341
117895	609075
91660	542533
4057	535204
62066	530093
15428	538220
61181	595890
58873	547726
46608	589186
59183	555629
119150	565570
30968	550738
85528	601957
32549	548753
63303	571784
84865	591558
48177	548442
43893	607419
29077	573359
6728	563834
59815	543457
59725	611499
42430	608468
5585	631591
86734	578322
10195	527861
1597	639494
21347	557918
9167	619025
35094	582404
39921	530264
54254	530777
56375	604330
55959	557052
169944	535401
9279	533056
5332	603231
15998	611595
16010	639804
15981	526323
1949	649699
1949	552059
100683	573828
37108	586970
18734	550839
55158	647019
47293	592982
47039	573296
61219	571439
39253	529249
18947	631801
9557	625787
13057	612342
17796	563121
24622	531305
36584	561461
65583	595772
54764	558735
37720	551050
57866	614124
41392	585871
16203	544030
15992	642256
62663	557288
1555	590156
12527	611331
19010	564662
41027	579763
7118	570721
43743	603457
39158	557095
43479	592133
18841	568129
29322	633987
73844	604570
55385	574350
7554	586730
65787	562900
20602	593490
25704	607807
37579	535986
55464	627117
37933	586440
41398	548771
44889	640748
9185	530881
63162	592801
43470	571169
28525	613441
9534	558898
18741	618568
44542	573985
47068	617276
42758	599095
10983	541914
39112	532779
18761	575402
9331	566919
41405	531965
56619	598027
41411	537270
15159	646602
58397	539095
45173	567581
24458	641154
44051	642811
53154	552013
34086	576143
56181	541523
53536	583369
34795	561922
38319	582244
60834	544511
74684	665715
50915	531870
63036	571488
57878	542239
27167	624893
49874	587605
13578	560410
42477	615331
40558	546531
47833	577429
26862	563683
57796	623317
25579	554647
24441	610490
49574	530885
59502	574032
44014	617017
4225	638145
29636	552263
33103	545415
39247	574006
44776	539873
4723	576712
3436	632752
54842	582901
57791	526723
64041	539024
82673	551807
48974	558369
64400	557085
41416	567032
82499	659310
54948	639015
30386	641593
24728	612150
38568	575117
10201	531253
49230	604438
33695	610680
120009	609880
91859	537770
62552	565128
233565	659821
216688	602406
50486	588622
48978	611501
23998	540841
31002	531269
2293	641241
73037	620038
89200	543853
8876	598918
38984	541286
22558	531351
64376	598205
27462	558377
43275	567325
61048	531047
49432	576111
81338	591511
15710	558387
9002	610192
24960	642381
9411	584144
807	566856
1179	543420
48093	635384
128629	572800
39760	575727
93958	596580
121877	619385
29826	568008
42962	553234
26102	599256
7801	548787
108165	578401
40473	543258
3730	575834
17661	636917
72270	668267
27654	538633
35384	600255
42000	557619
45925	604723
46046	569841
18384	545040
28208	554359
54856	577064
48714	579073
82218	572119
21614	653505
14251	561489
178146	590650
217782	690486
57564	577642
20034	594928
25016	548401
15451	601140
23565	626568
1269	615682
1261	544285
23155	650868
32564	583998
56308	541783
20212	527904
65831	542815
17519	580757
29417	608471
50016	623188
52272	636159
18347	628752
61541	573436
169964	606817
39385	556851
28572	604116
65203	569545
28166	579574
25561	545718
39828	620906
65638	569698
13830	655962
55489	561247
44970	619586
22432	550836
4887	594594
44975	578498
66943	592253
60311	546059
48859	632291
67096	551411
19336	595592
57106	628651
7913	561409
62269	562584
30841	527073
23087	618492
34335	615476
4018	562038
7325	595482
52019	587825
53640	538619
54448	576520
56760	568988
32738	646374
30281	603405
27149	554516
65808	542837
2550	595394
2550	583128
10696	569845
48921	570108
18052	569600
9327	605447
43685	627512
2453	597363
79479	550826
61994	625859
29256	580188
52253	632528
66088	561395
1498	526913
467	724116
27547	591634
33161	594212
49477	634578
64513	537233
9684	540713
42315	598302
5133	578506
55716	541530
16512	553252
15140	589686
30834	566737
40375	565646
55530	573903
1897	528727
56333	637032
23977	602878
13359	553572
55597	587658
35689	544043
25592	538188
57029	610634
30248	597332
59537	602369
38126	541370
49157	605068
31910	558882
40942	583183
8950	654964
13993	539324
30044	590294
59729	616499
90417	525892
14184	596117
21130	595688
36226	601793
27457	604764
39631	531366
27371	532909
43474	579879
10353	534953
59006	529534
64672	627525
24787	590938
34293	578712
56403	642876
63554	609164
33238	630478
3179	607098
35142	597436
41598	561719
61396	530235
43837	595338
7865	554697
22246	610216
41511	562866
66838	571989
9315	596099
1096	600606
37541	598887
41945	624250
43772	530663
8744	526721
48454	574369
52218	538432
53860	540171
56251	541308
2962	622476
233570	549174
100011	539996
47568	619530
8974	575619
42492	541021
31350	568352
32940	603972
42935	621388
54933	596398
6532	590489
61139	576999
63257	580786
26897	617982
45495	572028
24735	556027
50107	564070
17674	587527
49051	614766
23638	588350
84890	590308
44219	573629
20225	626989
19839	573285
38305	569991
50663	554442
114243	633115
26595	542158
5832	535161
11121	591344
14433	543962
28879	570178
42541	572975
2168	539186
49084	527059
9041	531883
53600	627336
46805	579582
33708	569270
48576	616485
60581	532398
10875	552073
25445	564852
36105	558437
47931	575595
57426	583701
61980	566120
17121	527621
52347	596308
31237	556340
10235	530359
29198	593298
323842	611273
32429	608837
44367	604178
42657	637045
24476	544999
31053	580695
43887	625285
37546	570171
23333	547077
49367	546126
31007	557448
47646	642707
91794	559588
59017	620593
178768	578499
10689	580442
27298	646209
50037	595980
27666	613885
94836	561322
39969	601286
36199	560988
39678	565346
12449	633942
48871	578337
89041	691715
19815	592805
40459	530956
57894	626739
2225	619449
73595	638083
12777	617386
56927	646429
196	563952
196	634824
27475	618070
26473	621743
39275	538238
6884	578326
90531	550581
7460	633671
57010	579783
14641	556899
26639	571256
34411	558506
661	542226
57179	566373
11128	558493
34776	614474
45788	556097
46820	589559
2020	619826
59644	633639
1488	528423
56485	627134
14278	573512
57331	558065
73615	649957
26890	583499
43034	534228
16588	658920
73735	542694
58783	570552
26460	576918
31650	589924
51333	598449
61429	526942
63675	581718
89367	536464
20232	572296
42980	579795
24629	620678
2607	558524
49224	607193
87261	623580
59497	554731
5525	589305
16762	610543
14053	588614
34174	569617
4208	555604
52189	560166
43501	578998
59115	536902
27173	544438
59983	601462
26934	551748
53323	592523
1962	602948
40427	572107
41897	573100
48213	629276
62950	558909
1119	551815
53343	624461
28566	598226
31659	569475
38849	608741
45977	560895
41212	549567
29984	541352
975	566439
66972	568171
62366	626234
37937	543087
18849	569203
91784	576261
40676	593574
23593	604768
21341	560869
4363	616864
50054	560233
8635	554993
59793	596711
57734	566264
38856	577057
56313	535430
28965	588557
54820	574237
30346	645105
104534	602749
16004	637691
1834	654422
8	663004
8	559290
8	557770
8	567768
8	602948
8	589505
8	611463
8	568507
8	566155
8	550069
8	612955
15803	603225
57379	554098
57814	603913
25310	618829
22060	528415
31162	565309
54134	556108
58120	540342
78569	621365
34162	598484
31273	622814
39317	596685
70252	533920
44532	640691
9337	572809
31702	604443
1130	589190
1130	568507
42335	611942
46027	579742
51868	552182
8692	567242
76318	631308
19558	555786
59068	637399
66122	635480
8676	632661
27848	587390
48042	585788
25298	544155
24833	561696
12783	561675
1840	594130
36379	650011
48499	651463
53563	556891
54566	548351
40422	527926
44924	588851
57570	629887
73709	560170
33299	624722
65144	639783
25190	560413
16	540174
70635	568708
83531	544966
40564	590701
27421	588829
32014	636070
57600	636973
41853	543026
125554	574802
5287	526171
163375	647504
49273	624972
84049	599931
36553	646733
34099	555050
20588	565794
67009	575338
56817	638904
19134	529398
57319	610430
21214	603726
65733	630003
48673	594278
58523	567625
164936	537388
9292	613018
36595	525986
151317	577603
3796	526066
44113	631411
3788	639542
24341	540146
20714	600746
953	530962
10313	576160
40718	627107
50300	643511
25877	609439
69048	615351
13823	592108
24185	535586
2278	529128
61102	648627
33306	547017
66573	542934
2000	562147
39461	585826
63386	570923
50930	631487
9010	596713
33714	642395
35519	568773
17464	552807
33721	618421
26829	595992
63168	636556
7228	630649
21261	595906
8988	554188
46013	602769
53656	614907
2125	534363
66602	536126
24635	616934
134696	574022
106863	652313
38549	578762
63439	594427
141751	553598
17454	575254
28335	573179
51921	542890
84485	554305
22065	583104
88520	608353
36448	551472
27499	574749
34954	527346
6666	567170
42127	580231
43960	526765
48926	623679
51255	596242
41517	542875
15679	639818
52557	594502
10833	593619
14322	604609
18144	554339
20827	574044
2728	578836
30530	595658
39323	622648
42099	602314
44117	589485
46407	580767
55476	537111
63512	617782
1346	578697
1346	601011
46735	534677
37729	540279
33398	616766
56447	648273
8518	590587
164027	555101
53454	635235
24334	540685
69761	529719
13684	644471
42237	657741
7551	608061
9524	526289
26480	647963
42155	590483
59904	579956
87963	528073
115899	621087
185760	656804
112622	566116
118542	542986
32434	527016
158190	584563
39497	564543
41422	552584
157482	614720
103217	529219
199995	638787
18461	618374
43379	617250
32125	594491
97737	541721
80746	567556
71082	554565
50546	558752
85199	565957
9206	536528
58787	591623
113443	545725
123441	596404
140143	544696
83755	631975
28411	542503
7050	539634
43135	597927
119408	648536
1021	589505
1021	592325
164562	663000
53495	557452
181750	636958
200090	566317
28109	555075
102529	563113
28484	575014
22042	622252
45813	630615
44741	566619
169775	612061
9507	543573
27718	542510
216703	605730
13339	595006
136067	608797
167560	555109
68230	546239
85191	640833
1497	621780
8375	598443
64354	583575
84	594215
84	531674
20722	539097
25645	606321
32984	561412
38668	549137
45197	537890
8648	528746
56000	554657
73386	559610
49857	552949
82894	544069
197582	658192
89660	624361
101350	731256
76958	643164
116993	646003
96414	529099
200165	561517
76299	566095
200171	606595
52399	532880
1170	609044
15468	632811
38249	596812
13837	656044
6733	619260
36528	566005
8865	596782
73881	527158
86568	621108
9045	612086
8198	528028
29500	631081
66247	533472
64	557383
24742	572133
54722	569844
63683	639127
115594	526524
60851	587573
33728	553385
14177	529810
45613	581374
51814	561669
66877	614981
24644	541942
50123	526460
16594	560277
7240	558105
46948	557513
49439	577198
57203	627028
53969	544228
46971	604398
50923	597834
32376	604926
41669	560502
38861	582787
62684	580272
27808	536511
29750	583768
37724	593952
49172	579943
61988	556802
39833	547725
40466	552185
45204	540639
2371	619093
26751	610036
4521	535999
79631	608321
18353	569171
24534	560687
98362	548360
39061	589811
76904	532055
42552	557844
26045	645113
65804	574029
17783	600456
24993	582589
60272	577853
109683	544914
11086	563662
17668	624086
47638	641354
9493	617837
18022	536861
2535	565416
12583	616718
143988	574789
9384	654235
39329	554283
8551	602848
52537	598141
155952	586665
79543	657712
37133	549729
41429	656926
64134	599946
11001	541393
9520	559602
9191	569906
23318	540136
27313	535780
9043	663410
8933	538853
48584	566440
49578	547403
3628	566685
54883	552629
55812	608032
58433	629310
67385	538936
43792	619861
109817	589616
64057	614165
22849	588949
42190	658400
943	542340
58099	583135
52883	556295
13384	541604
50251	556444
63653	571618
24800	574750
137714	553697
43981	578962
25185	559011
2218	587286
59545	535461
156	642802
62108	618457
12057	541465
9456	628598
5320	606660
39467	629539
44747	535544
58685	590813
7952	544929
20614	609622
1337	530805
64529	551828
22575	567000
44225	604828
67023	646333
27007	554137
29094	583718
128667	602764
47547	654992
33059	566084
50221	607831
55036	557837
56727	575272
57326	633767
14789	570283
50712	619098
27088	583314
42420	647773
63518	617499
23629	603469
8396	582377
158023	592990
13961	548333
18399	538404
67645	575231
33734	633326
45211	615177
17234	651609
27588	554469
9028	600648
37141	532359
51995	640812
63175	542417
44323	654028
55933	550726
118824	577547
18060	559314
78060	583886
75399	629525
8881	583235
52026	556154
59691	605477
24917	535915
25638	590090
87791	550029
601	597578
160991	620162
83511	544866
134487	607991
60493	651404
4516	551225
28733	573184
64891	625773
75423	585062
6584	560422
62460	622340
44230	538777
87520	644104
57102	573762
54782	591993
51549	598147
14103	602297
54156	586668
28739	606476
64095	586716
49743	556328
48989	617309
28799	605321
131400	696836
37862	564647
30678	530368
32307	634147
33142	591403
50937	571558
13266	611539
25979	643515
37969	534272
56687	571567
58057	610972
28577	546232
6845	534489
43086	549096
43749	530154
50420	562630
64025	563527
1152	570286
53894	545281
2511	596393
41270	574786
139411	596725
52807	545897
58902	539990
36590	525980
28813	564315
60897	598815
21608	537685
28595	548921
62525	629381
28358	594482
50218	590836
424	579080
8698	590479
14572	599449
30147	613558
9351	634471
56275	631287
43222	654277
32383	625954
13197	644566
37428	592073
25195	614530
37432	530897
66774	604880
34592	600667
49382	555525
27755	547665
40385	589134
55198	606912
33457	552469
5528	644346
66499	526101
57610	627320
57610	587127
44150	638479
55210	594894
52820	596574
30701	585225
63713	589358
54288	656496
56698	642929
9030	591802
14511	603186
9287	596037
49880	562362
70155	619347
9024	538869
81060	622899
33740	532746
33764	535145
57314	649140
47136	588423
58215	577512
33747	615100
43899	578551
4359	626620
20949	599900
65991	624309
24839	610199
48267	599820
79263	563531
639	637541
41090	555897
52390	615792
6424	527293
74035	658154
25667	573198
63251	560375
3370	557621
9128	553149
38878	527325
50340	634207
51610	532812
460	578493
56363	527243
48945	537987
81989	561136
106768	614602
111395	542982
20752	611255
47140	539738
109617	609948
21913	526745
881	558097
881	536124
9505	620657
17564	637763
27672	555661
27598	572250
103961	560431
2474	559243
57583	653071
63934	622744
55769	590859
27863	536868
2483	596610
41032	538039
31565	552361
8143	546965
28011	572912
37335	546837
65447	557628
47452	571028
1199	559553
58466	556690
9461	549421
41300	567483
22267	567177
59827	536273
67250	540484
42245	573485
42812	621919
61408	569564
22968	667735
38347	635390
38326	578423
175393	636867
26296	579733
988	646103
55414	534709
36565	595056
73764	593968
32838	550503
40380	593638
51411	543279
51416	585388
64206	570420
4419	574206
58887	558686
44042	585033
49710	583651
2773	652534
116628	604407
73429	634590
24967	572200
30712	604389
21560	557378
6772	654157
30826	641995
28159	542377
922	581433
92085	550857
107201	600821
59159	602782
12468	534842
62405	551515
24885	618320
46790	613445
1798	561259
44373	589561
136109	557062
35506	624038
53461	619261
7268	551669
7268	554565
7268	559610
7268	652219
7268	594690
7268	564454
7268	619958
7268	614812
7268	632784
59604	557779
8830	582307
17470	618932
90535	580274
4160	550099
44772	613627
52753	557569
62	631895
18268	626964
51694	613673
150795	570439
5626	565145
3638	558466
49885	533810
39529	604772
50944	640642
32645	558394
21930	592355
56212	585682
73741	601011
7715	611013
25699	527637
33758	559258
44155	560596
66106	583293
65394	535405
2162	567164
58068	544252
85636	596934
22738	629846
61751	563555
19318	589542
20559	540746
35057	652779
59666	538287
62045	535674
52657	621033
38343	630319
192980	531921
39708	543283
32313	576448
65460	577944
37974	541070
47528	617245
56125	634087
55330	593750
2410	553895
26784	619691
60426	613568
81597	705242
5580	565124
25711	533012
46663	621705
66131	551594
61299	540462
21525	553583
66363	646962
63184	625853
1327	661041
16693	532585
12317	619521
550	542773
9339	570968
43796	539441
55378	549154
26708	575138
32626	568421
53676	622001
29223	558588
46955	632393
7088	552598
41266	603642
47754	545209
61411	542430
63272	558144
20494	556605
50204	563570
29090	606343
25787	614594
40570	547016
18793	563331
188877	610320
29007	558926
2729	535058
49235	573758
67181	628544
73991	595220
54035	553927
38466	587260
30050	614550
507	526584
66331	580147
261371	588037
77713	613024
83643	556485
46637	588312
25451	588396
52372	646840
28347	602420
35123	664133
46353	633311
42510	653040
61260	552143
65924	618630
73831	580989
13444	634806
67053	562082
26840	639788
60168	607332
22484	614923
731	532859
9004	542084
65716	592748
18067	566655
29964	588645
39473	564809
41605	605950
65489	533209
38898	533885
38872	569871
38894	531383
48936	551385
160176	530725
50597	613192
5207	537924
50489	619911
76584	553029
96764	718749
17680	603350
200420	630412
102232	637486
101922	537622
1463	594774
77474	598736
23762	594590
77747	543163
4741	642437
30819	649223
55791	576544
58894	564630
30846	631588
7299	575100
30850	589946
967	602842
42941	612461
66937	594497
26492	610190
64056	647601
3802	596016
27760	629237
46644	562445
54243	578954
55223	655213
65165	569435
56642	577800
69506	612555
74895	632041
77486	612830
184640	572773
89504	544829
39292	534035
61659	568368
61058	561932
47445	608324
2565	606835
2565	537864
60395	549685
55867	536497
33776	576308
26486	596898
1415	554569
50070	531066
120577	597242
42637	561496
76666	612005
200491	582437
53053	588259
20957	586794
47484	636938
68604	609017
61690	549470
67116	560196
49279	608689
26498	529657
73688	602776
3335	536168
141539	544260
26765	532132
53947	636224
99876	529710
25202	591904
64002	625971
54543	596805
9274	619835
35108	587829
36608	560208
48747	531994
66101	597571
53013	526502
63199	542557
73806	562799
65928	548719
10967	547415
2186	576117
15482	611463
125066	574683
103925	533875
86286	557086
86769	551642
66681	563825
36635	536017
16398	536281
6709	661255
15489	595812
1546	591491
34653	604566
15497	632183
62531	537158
11062	566622
3515	558539
37980	573249
20622	539846
28424	529524
39392	582768
51268	556367
59920	585627
67197	569322
6190	641779
9516	575728
7285	531801
9343	611607
23891	617169
93682	532681
34984	654442
41673	604669
61818	582393
123314	631814
28885	564112
21647	527915
23082	636243
50336	574334
4243	557764
578	546227
64069	540069
138788	555864
12655	550742
27223	540679
36092	581724
41679	583030
43339	573521
55583	615110
53353	600379
221230	640653
11093	583609
59759	547882
21895	581097
1154	607393
17909	529688
58793	615651
50135	553597
27802	545195
38091	596062
42266	536575
29275	531360
33770	603100
17172	631992
69322	585432
37809	600442
111940	579672
39139	535169
51687	609182
29593	533260
60576	589392
24066	550063
152599	529594
34803	566948
44235	616823
36428	584948
16229	542425
56931	563236
19343	637616
40575	589210
61719	559058
8917	542274
48381	576210
8939	634084
63790	587095
29978	554342
48120	621244
76224	561140
27036	526331
44815	551960
27404	604381
53942	533922
366668	551931
163074	574339
61854	573524
9526	581549
41124	564731
52696	626802
26211	608206
43206	580726
40671	564040
66548	631352
44598	533584
16629	663317
19565	608853
32439	555059
216828	532934
159165	540565
40642	624052
42224	561397
57524	555963
62836	626754
33409	543071
19238	586844
42924	567245
5421	593203
47407	532810
62469	634396
54166	569616
73888	574791
41973	549597
62847	640956
120112	566989
6877	537027
1427	542922
65542	535199
49497	543611
10777	615988
24073	604724
2446	569183
7407	611871
41761	549408
9034	604459
43390	526113
30974	625010
47115	569582
63720	587150
25801	658639
24172	615309
28464	592698
59002	572531
36482	557335
18074	531482
60419	622256
51261	544440
48504	639161
32136	598380
63543	540140
13879	579732
2767	580822
56767	537939
91185	564823
36098	610382
34764	636553
26541	581823
1910	626773
60809	551398
61865	594758
35393	609731
3934	569163
29012	539721
26528	556513
13273	545735
20799	572453
23697	624093
27329	618121
34788	628339
47395	586445
1265	564911
5845	621578
55216	579187
63118	589314
32750	578958
49949	532190
10705	586412
58752	642173
183358	729655
12721	594679
9226	534593
40950	548870
38153	574104
13352	607273
9430	566729
198	568996
43414	526189
12066	584647
13101	642133
63191	574125
29436	547411
63446	573980
21872	618513
34499	588913
78466	526809
185964	634208
22260	596932
200551	553891
131079	583228
165972	553811
57693	529033
162036	625093
91381	640144
63205	633334
89517	560907
18747	548800
30166	579005
65336	561482
56892	579676
22609	601667
63921	547862
54888	542061
82963	617322
65290	651305
171	565688
171	584068
171	561832
23196	631712
59465	639817
31852	579173
171837	645387
56676	586748
33345	571338
1466	716289
101909	537667
237	651960
49240	611159
35702	530729
51927	563169
68490	594690
58797	606953
55452	595598
140888	591092
41171	565348
9465	594831
5959	619956
25113	528038
32809	543509
61765	580809
33782	527278
16221	621079
80836	561063
87145	579008
147535	658961
22711	611000
89926	526940
2720	598521
7470	579661
10291	589322
29650	532251
167559	567961
64337	614216
1930	592537
36651	566657
52605	712525
52162	571795
66621	566779
69484	556843
77479	545097
105227	634347
113041	545708
7318	587854
68022	555931
50158	607453
114788	527390
217006	581584
38677	547430
54831	646238
53253	606104
53165	619752
7131	537042
24079	548823
61602	562715
68889	573025
144482	643481
77932	555983
152357	631299
60022	585895
6325	603950
119253	555308
87847	617162
77586	610954
89494	569291
6390	662931
162929	679847
2656	616387
121000	532551
255	601344
8629	547167
81286	580296
2738	552821
122624	538661
86384	541147
9390	526450
87117	598406
161292	621162
2611	605313
81309	535511
165948	546327
77375	543118
131631	552240
117608	615037
109582	572534
162934	690721
102239	571715
135433	608122
99677	621983
21937	593668
80741	602269
101836	552419
112596	528385
71246	527938
80701	577334
4838	541711
107772	659271
795	539400
795	532004
71778	568002
54463	621555
797	534542
74381	554016
15913	536780
11355	576950
62868	568984
5535	555048
61932	555304
43755	529753
49610	568119
51326	547267
23231	541493
1300	628247
31856	568307
134315	617918
99484	573750
200998	558703
57110	610612
4836	546564
25023	570565
41564	537968
8650	628373
9499	576070
19203	585160
48599	560075
138	574735
39066	573370
39335	568079
59821	543674
41753	571624
8573	592717
31582	605539
475025	664386
171809	649154
2506	561339
152759	545047
85312	623808
152017	642095
44719	574829
2381	593577
72403	590565
33403	569705
8706	578531
49954	556727
43563	539334
59242	577966
16404	635835
58208	574858
42595	551658
70412	601248
36541	553652
53982	548363
232721	591173
108127	534601
63982	614704
49244	572811
64364	578329
8767	615435
72514	567030
71966	613096
19518	582801
38460	528281
44760	536354
8708	581000
50692	570521
28501	560085
32494	634651
4851	571409
8823	620734
31117	595620
61697	532525
17812	582328
40692	615235
30684	645738
85525	531752
158898	608524
4440	602566
5609	602789
38989	540118
2731	561673
32488	580896
3692	548641
51140	556202
24006	600776
40836	600067
36490	571016
7303	544991
58446	559240
64342	541274
48439	528697
42641	558410
388802	553461
388802	663850
57119	538657
8891	541104
40490	556157
69031	611200
1906	568739
35849	542096
43955	632309
50752	558464
35400	545317
23386	569455
33366	615711
7628	559260
60596	536689
52944	542104
63579	581041
1750	584068
54654	590620
49520	553421
61225	539529
44167	564644
47343	543763
51915	611642
46869	564663
25030	542163
43302	574540
24592	585024
342	578661
342	568507
23058	547478
34562	593631
43161	653347
73704	584622
10860	574550
38884	539664
56386	595007
35088	549661
56267	527097
49487	608714
28589	574744
64090	568249
8210	529007
26534	539850
39162	638092
44659	550881
60437	639329
67278	559902
44240	547045
28936	561144
63898	581469
21574	607396
44885	577351
41037	565641
1642	537864
1642	568507
51988	554632
68672	592258
22614	557603
4406	558705
65645	631120
26412	590863
41328	537103
174189	562874
64273	604547
1148	577363
49339	603895
27553	547852
19015	607858
30064	544954
11451	529049
49826	606347
38333	631762
37768	558028
55696	531854
25874	655604
29101	558531
60967	528395
2985	578477
4	663004
4	589505
4	577363
4	568507
4	603384
4	666248
4	575112
4	621694
40119	525934
13476	590449
14620	581529
66	568507
66	548814
51475	598016
36699	534554
54304	611046
17442	578315
54900	558569
44486	593530
48998	562245
4090	584434
5300	666438
52571	568654
61265	633659
62709	547353
64466	580885
5264	548907
22142	550552
24514	617751
55139	537458
39533	626349
11631	546321
24192	540306
52478	606054
17022	663418
65979	587164
9379	554638
9495	585051
8938	535658
41439	562363
53613	593055
4786	564549
55986	638196
4044	608880
62974	547801
73634	620759
4309	589505
4309	566913
506	644877
19108	587490
26844	582030
9070	557060
1826	626015
42119	617745
3472	552463
60054	648121
47534	568563
9212	565937
49464	597333
48226	640922
69399	569128
45595	628759
61422	620369
18406	619011
34003	589677
27926	617085
52664	597867
20411	556038
83192	597900
39926	547666
52671	566367
630	527265
66660	590439
40389	540686
1920	616674
12213	546684
3060	544022
3658	555724
41296	573304
70122	550795
56427	528148
29897	546865
77709	639536
77862	556879
77905	537089
38255	583674
67203	562973
42851	576947
66930	549497
4839	661993
94880	559398
138324	596569
164971	532353
52224	581076
23341	566579
59875	547970
64723	543612
23985	635998
44020	651843
948	552298
72828	543844
102462	603942
56943	572414
11709	596219
48853	578328
59237	606128
101872	577352
63392	569486
49312	542322
60601	616010
24891	572697
42694	573446
33789	554230
30182	595502
16223	622184
20239	594236
38742	551741
57910	629569
46423	625083
4144	607922
12746	553931
2504	613955
72670	526123
45216	628497
62704	629134
14362	555238
55897	550966
35455	547660
66390	603025
6602	552207
18276	593733
46209	598051
53195	645500
62715	642920
63105	619411
38013	603732
25229	575612
51861	625282
66423	547142
59589	617579
51274	573314
65159	567591
42929	586390
201206	752406
46797	546040
17689	528834
26946	624357
14110	602772
61416	581207
65515	655572
18291	558553
18299	618432
32639	568854
36644	531421
54824	551762
30626	644788
5864	587609
40480	558707
62138	592795
142767	546907
54215	630754
7669	585287
11483	533305
18808	586399
54121	607094
60742	580781
51538	570360
49168	594597
50958	547741
55849	570695
40484	576014
48220	641509
177852	576313
25037	607760
47713	643180
729	621475
28060	566969
33794	553874
65576	583644
61289	588328
17254	531998
44548	593847
39287	580208
11168	553220
39577	555173
65467	585691
48359	584690
29505	574975
49444	560609
52077	583628
45222	591305
9012	578876
66229	582984
8369	636324
36658	585451
30718	577430
33425	528336
8893	567267
993	617591
29137	594950
51361	633913
24199	597433
36003	588247
3901	577712
12265	555312
73562	646770
21383	643197
33801	629481
45618	604608
51281	627341
37869	530632
77540	579123
100242	564654
4121	536627
21924	654347
15717	620798
36879	613628
92285	612266
5545	599138
57544	542016
300649	560364
52619	537486
86822	607358
143726	630782
201218	632188
37484	581029
129416	659230
12234	628199
24086	577447
77751	626506
291	566582
286054	609737
258	581957
53716	620979
58698	530769
111590	541812
8728	612593
64162	580431
22856	632159
32960	568302
37520	608481
62559	575638
18995	649273
30000	559933
63535	615060
58063	528782
36887	579807
41445	561081
57883	544719
66505	533164
59909	643667
17041	571289
41451	556083
49297	565762
587	553929
587	525778
28370	619493
34979	566355
45228	547439
46003	634324
53277	620079
26856	542896
23288	595559
17695	574088
22016	543215
61908	580944
53580	566482
27392	625461
62536	576810
20295	526197
51701	572370
123746	561909
9100	574160
2740	607118
48932	577080
160561	592256
5538	571469
47723	628483
62541	635133
41984	530834
16525	611476
120647	551183
28033	614775
9347	537726
18467	601817
21396	569612
67765	598251
73927	594737
28494	528391
60501	575197
37696	560264
43760	594459
66888	545892
41524	610970
25991	571958
89949	668043
20938	648998
8722	615696
321065	563109
24348	527087
31924	615062
5283	529300
48278	645389
37586	549528
39136	531071
57708	525838
156523	544616
54530	596078
52304	555100
17177	614464
39118	533586
129688	572462
8295	533653
68847	576627
18426	631579
3641	612141
142581	607249
31204	649752
151019	622059
184334	654767
40524	535801
52712	566794
25718	541659
41788	566132
14586	574946
9049	527784
33807	617705
11592	641057
43866	536941
57455	631278
3379	592880
4236	622235
55470	558431
26550	595014
18644	567336
21803	570293
73536	618147
27011	564001
41846	645748
32934	542656
21075	578049
31535	571334
36027	543156
45253	617686
40660	555801
27076	639864
57023	625336
50951	579839
61269	637775
75917	538669
31110	594161
31707	643501
43643	586721
1307	631435
59973	540196
62941	597712
101275	554880
35770	620580
74101	572109
31696	527658
60253	559949
73856	604917
39714	556216
27831	577217
22414	535661
37043	547873
31420	548694
48191	594916
9889	622111
74199	537840
89937	619469
55785	560892
90006	589963
27023	646064
7798	651728
53727	536352
18307	604623
10802	536307
10307	566325
2543	589317
74920	529304
78205	537075
64726	570369
44820	622956
16034	597742
7769	540729
60152	530327
9735	534508
1692	550053
28748	585300
54920	533388
61632	556236
27766	615919
34625	586717
36896	610718
8684	561209
60884	550472
51556	563078
4229	609869
4548	590374
8548	598946
2811	658459
48891	588681
14944	626659
7744	627619
25724	570077
56543	637136
82885	529361
19023	528117
65655	530074
22036	537768
40050	551152
43605	643301
14719	559527
62920	532674
40957	561875
52045	532657
63027	560319
65484	526899
27772	543718
65770	617360
31554	554293
627	552507
627	530725
627	564191
65561	563376
77364	590877
31284	623632
65866	567202
9006	631162
22627	646263
9479	574965
25043	606240
44930	576020
8702	560710
8735	604431
64989	571743
9150	595324
9047	558240
39539	542509
159746	628148
46498	622874
49255	579890
81110	531188
78529	614466
38904	599603
64289	622886
29374	563223
25242	640499
38562	567577
98486	624007
9057	537265
70976	582766
2343	558483
62217	535988
29286	597575
126638	590691
29430	545366
35730	557692
41685	533494
9084	543292
157579	541475
40124	558359
43005	559900
26644	583794
29064	570477
170121	620500
372869	622500
9403	534027
180963	587541
11609	616495
31541	548192
45234	619062
30873	604340
67092	595723
18856	639398
66818	544803
77882	537857
26424	536389
66317	603874
41094	557467
63988	593305
2732	584262
43210	581841
34659	573631
32592	584836
4597	584110
49185	594754
659	540235
10170	535292
13496	589244
20855	609293
22105	577778
26940	572173
3694	571047
48511	527808
50732	608135
27018	552619
2325	624937
28185	580690
57189	655334
134154	543347
10369	582871
1293	540212
42863	586179
30728	572484
65880	596671
67186	547884
727	604152
27743	529611
9821	622134
26929	636143
108896	545795
159103	657947
67212	547234
2735	537677
122487	531642
12382	537503
49177	529378
45240	547004
18532	527863
51423	603192
8925	539764
53516	569838
128237	599030
95590	650008
86268	580589
97944	562519
111025	545534
70705	580597
59704	594411
69014	639491
78969	546209
87240	558447
142743	604171
134842	549401
18800	598091
128029	633382
31940	627271
70684	593032
49840	580631
14343	602892
56795	533990
37438	535370
320524	628918
166860	600206
17558	584414
18539	621816
17832	606921
16242	648289
1602	633518
57393	591812
15534	576440
11661	550979
28214	600202
32451	562934
73525	573513
18181	536480
58909	562709
58916	596271
43993	613208
27318	562657
1478	566955
22862	621297
22868	571175
15512	553612
63408	531151
115571	529105
165611	620735
7125	531161
126240	631250
75768	540885
28654	533186
2761	535337
17489	637388
17484	636083
159999	662761
111465	627666
123929	534176
61644	630905
2131	568341
131176	604968
201567	582986
26289	625846
28612	581413
59915	544230
90677	618145
9022	606509
46594	655027
13411	530040
3109	610024
15520	644921
95592	560141
36329	614771
9484	590505
9251	645380
9197	582956
32653	536392
44121	619760
56262	554421
2851	538325
32148	627653
32586	562008
67139	624013
64230	543206
34106	548488
44981	648748
47021	631286
22874	616479
50513	577240
12660	629220
22149	606078
31062	622406
55816	589491
57616	544519
272378	536022
56236	565121
40135	613709
24585	589115
63927	648184
31386	528715
13151	577211
17704	554281
55424	528840
83854	561871
44554	593477
33831	617516
14913	581397
21958	527566
21958	594325
44245	601802
50985	614770
50973	616349
26714	567015
44317	608870
61676	543526
49835	536378
30984	525932
56043	648658
63863	596791
655	622827
58624	589041
45287	598597
74826	564454
8846	598752
6767	566930
69074	619958
122211	640697
7017	764281
41912	608263
8244	556268
108326	554410
88	665817
51469	539808
136074	613267
62927	625137
4327	629007
154079	634765
69308	576808
86312	553779
90	665817
90	575281
26174	582602
93466	577287
14566	566553
17028	541889
20944	587242
27486	553026
179886	604656
60973	624953
59931	576527
43064	556464
22538	638982
27967	647575
52360	556938
137487	634683
171320	629205
19256	629632
52738	631215
6965	654509
8712	587575
6962	614934
22602	584015
19217	573323
47163	587205
62000	601122
87161	570161
12797	577863
31189	575752
35531	641378
42216	608081
58290	596250
19093	555925
39718	573236
66849	597909
58075	528941
22531	601842
60321	627099
42768	546404
2848	623363
95848	527507
49896	556772
11073	529179
20764	618137
11968	584134
40139	545828
11107	609334
27605	562774
115584	613541
37734	547309
49969	586857
19268	529367
17711	572719
246605	600696
20398	542898
54059	605516
58924	612080
39168	527295
63837	574396
8278	544605
71984	561283
12477	557731
25889	548860
50980	586945
38261	616802
78247	548006
40146	567506
52787	593385
16248	557351
18934	592694
9349	567170
9349	609873
25463	549112
30745	558631
37114	548952
44648	635651
52612	530341
61372	632904
52083	535505
60107	546807
9463	560920
32697	528889
44455	603949
26509	601168
1539	535679
50389	534805
6674	584617
5388	581459
29906	650972
46452	588903
216781	547551
78508	630337
41838	600043
16988	635251
2834	548034
23679	561415
36602	528619
49900	584557
1924	570647
63549	533735
25100	528340
38556	562984
637	544628
132638	570311
57502	577786
49584	625476
43649	562825
74074	614011
34631	558995
67109	562053
87173	662969
58932	541202
10792	531704
322	589505
322	568507
322	527674
322	525778
42111	617484
56340	627258
55355	528364
63506	535642
120170	652708
64237	634140
9000	628182
53040	641946
94332	564290
53428	580566
201883	555693
42163	569676
49793	606116
54938	584017
66165	601968
15527	641210
10163	548962
14635	587717
45557	601590
22002	615439
8700	650293
43802	583074
2399	575018
84613	633604
29424	560964
39766	559738
56594	591372
12943	534648
34738	599688
55913	557421
163675	552070
37943	530984
48885	555954
43016	540877
43451	628922
24363	638856
57888	539894
54053	569269
12102	653393
117948	621074
188040	528785
35808	583634
155675	621990
9497	634824
40237	594276
60143	573074
5247	548982
19820	621170
45246	580129
37948	567938
41465	608774
19845	617861
22651	635037
60454	534304
18650	642962
32609	579724
50344	568240
14806	612208
26650	597093
32744	564253
40304	561613
34170	651020
51629	584016
50500	563549
26504	549984
16635	646907
91192	566010
79372	545987
21467	601237
14821	606750
30175	587859
57413	562051
53	554686
6557	566935
54468	577584
64359	565487
16042	653272
14853	662421
21753	645959
62127	632417
24405	527517
4686	580716
1863	546237
14599	541056
41275	595475
46509	543886
56693	557580
9614	575607
20131	564795
31949	570678
35737	546660
55010	526269
24100	562469
1291	587127
17967	594642
7486	610095
33825	536143
39638	590890
55161	592671
44558	577568
47437	647401
73799	602950
2267	534691
46034	545832
49846	538726
62005	535896
14813	637732
28282	538643
42763	588754
44608	536329
26903	619772
36902	538290
55974	556553
62132	546195
2862	583385
25567	639790
31068	636675
56868	582357
27624	572160
61305	558632
65344	607255
45870	556969
86899	596454
83330	547172
28218	541207
59593	609996
34942	548836
13004	580905
21659	656521
40528	562048
2412	564632
14687	655716
23586	550641
24928	573413
37342	567444
10040	642460
74015	570169
33818	602830
9452	539937
28224	547067
9249	647585
35448	611634
95949	558829
77325	532139
60283	558229
15751	570738
60465	575297
57346	550681
63727	530313
7506	597896
154108	537439
18754	552574
28289	620262
48415	586334
12936	593513
42631	575763
4064	589547
24686	550298
62422	557462
2527	602940
30405	554191
17723	648157
66284	560684
21809	578300
85524	578647
144636	531551
8871	540860
123589	576906
42175	656641
205194	578596
26109	544934
47273	533545
33812	593449
42139	630202
8357	581178
2374	539439
1608	591734
269551	557444
77152	544318
12123	570920
62301	632997
60095	555446
1937	544767
164	550342
51744	560053
8028	564541
41793	656156
85946	610591
17190	626929
5151	540252
57386	584265
5295	609998
127693	554676
57339	599000
82824	569636
11600	578811
2369	608152
88447	595862
59224	527140
5048	546070
19028	659416
62782	634783
53206	648490
84808	584888
61335	543365
71492	650818
17923	542728
18894	609505
62567	620648
3541	639851
73961	650341
19470	568551
9173	622366
36335	585796
1923	621147
44904	528981
65939	528747
48075	564037
41734	549396
17126	583960
31597	532321
12666	528119
4015	596423
3115	592024
36258	532922
50432	582967
979	603384
56654	586144
67065	606720
77097	546851
444	550055
16128	595702
663	576262
28658	557471
8793	539931
2727	567281
8352	607922
8352	568043
72292	540405
9672	550915
24026	557437
52508	542758
56853	530256
22420	559691
45544	541272
456	650709
36034	593231
14060	630803
4998	550433
21513	608986
62789	573640
16533	621473
19625	603115
34537	660421
51077	569576
64436	528140
93505	552750
53201	653190
49055	547070
58802	555198
233582	567849
1347	544664
5527	529355
26851	543000
53362	605964
14440	533695
47302	643838
49181	604248
31664	574967
60992	565926
27324	573583
143002	620270
8992	609951
9691	569749
59264	545669
5549	542908
9471	602414
24013	560214
31078	529543
53117	650789
63351	619942
64215	644825
55549	607652
60278	621541
35157	629946
22116	603571
26771	598764
38574	564326
9918	592525
32911	588227
31819	556657
61486	603379
10946	591646
94712	551309
21815	625578
86696	537970
27986	596643
79538	600218
959	579332
28604	611733
30395	528664
32785	578841
65659	577905
44047	558678
57622	581126
63760	619278
73819	595563
186039	593326
53172	568636
39179	531856
40763	629420
86005	629997
2137	602953
72410	533770
40966	597639
163979	659789
58940	638529
29204	540981
65350	583982
62274	568271
25050	586712
35004	621217
491	568507
491	569634
61436	574982
1439	560243
91327	569076
52565	536394
65021	532784
2866	542958
161256	609796
90890	595969
107360	553801
97221	530360
135170	597803
25538	527176
56148	557845
63414	546173
462	543745
178621	526825
119149	666495
43568	609413
66244	528096
43905	583050
42450	637761
68891	546991
177506	533772
142152	561649
8844	626295
149783	565343
56256	618373
169329	590327
120128	627649
45429	554399
63051	602981
122533	598556
133717	533768
80566	565703
2596	564487
164107	552345
191253	616695
64054	549813
68089	572305
95422	599713
133950	555760
81311	570704
39145	547990
58510	611051
24469	544207
80174	630624
44784	581843
57430	618250
31548	532768
78265	591302
582	620627
64670	614812
657	625566
24973	608058
8251	659895
1810	616857
62494	589810
59154	570709
30479	587526
186772	634005
57235	623182
19262	543849
41799	532085
6726	632364
1203	578204
47263	565512
253828	607503
81062	557710
33193	639657
39845	602780
3903	570249
26430	578465
8347	583800
137884	595374
48548	601988
139967	633946
96668	629775
116391	617601
47938	532241
129694	551597
10464	546842
53110	593260
63311	551982
10392	580664
82448	570641
224471	622392
143967	632060
4840	549621
202243	614115
96791	636190
158151	656818
97547	575855
114236	646329
139502	545244
29311	527221
57742	573484
24747	630258
46226	615066
102509	591465
56442	625717
126586	637974
86302	584898
202309	607329
37533	607045
126029	570145
125764	650861
89804	576704
16418	532426
4094	662207
9618	566221
25985	613521
26334	638238
30781	588453
39781	592531
48646	631063
26135	567003
31920	594555
73463	619019
38338	527331
42945	607762
46059	555150
58003	556255
39281	548724
124318	656762
60902	591540
31492	630862
63640	576136
30400	606679
5570	608892
123272	543172
68389	578284
84965	554829
13703	610835
24094	536911
22365	556246
101340	555011
4600	650019
109098	592030
8637	529844
176932	596156
33040	541735
45998	645763
51764	557314
58146	595016
63620	624149
44329	632374
3773	537491
64384	553948
83479	599925
50638	539255
19210	555483
24298	565653
39190	623330
41926	596061
62965	632510
61110	541087
43495	599988
34347	555810
42379	585490
31124	539922
36205	549297
51288	562590
1828	602312
24391	623831
26868	546508
87871	586875
56191	537709
10495	558831
3939	625506
56369	625380
8682	588746
40541	605203
57114	621111
45656	587329
27885	561742
58080	562813
38706	572014
3937	647387
28471	552252
25492	569098
29746	582013
55773	585800
4320	585944
53218	583518
2340	611814
15573	544368
57123	529971
2644	600935
65697	587203
37008	558375
48834	579848
14925	618901
43588	528910
47515	588170
74003	606353
53264	542482
11008	571636
60328	550463
39184	552641
49072	649487
49515	597999
21201	549921
48689	605249
49191	530203
26237	556089
66694	598655
24502	588304
37955	539330
6192	620489
28173	628750
3049	559766
9186	542141
7020	533026
40653	609417
26660	606142
77778	556971
31861	590823
43257	590203
62397	562932
89110	630497
22426	627600
87299	627373
590	555784
40578	539878
160007	587296
22504	598451
14136	562966
23899	540593
66084	630087
66173	567187
49030	563583
36851	623565
64198	608793
27684	571819
61239	608110
16410	534249
37655	536722
60048	623586
73670	604611
20566	629864
65137	574431
42526	620208
1800	601545
50262	560678
8019	584487
22470	628325
38930	623753
61891	644475
21104	532538
271696	601820
42202	638271
65776	555199
52979	571291
5986	560059
1342	542090
60753	582134
33838	629478
5317	639470
8769	619082
30423	533512
34331	537649
65453	574098
41071	590298
44712	584819
90157	604101
58228	614973
61443	604306
45260	530757
50965	560313
19280	636409
40151	575334
57194	660114
63783	571137
25894	560981
25366	610933
53285	529059
15093	654322
42093	559957
56186	557528
29364	534917
43306	630071
59766	577365
119356	647544
17314	589818
325	581667
9218	582820
22229	589815
3324	536149
31916	590243
78041	552044
24692	565589
19891	589736
19434	611058
25940	555513
48135	578015
60637	558206
57400	565879
65985	606934
3942	540945
59312	638254
178581	600811
42290	638843
56318	545663
63636	612895
16582	551415
73772	603724
26180	527932
21860	647716
44250	646312
1465	551656
23655	554201
9530	603594
66197	597253
62231	559743
34636	563733
69859	560893
61448	557225
60748	554158
1134	533230
136634	529583
17034	620494
19586	601526
28599	576535
49748	556407
62153	527534
66326	611663
7797	602948
7797	655481
29154	566973
44581	650015
51708	537065
60954	599359
26140	630214
38266	588493
64407	629774
1137	595869
33851	582710
18545	554814
105802	546794
77003	557389
11024	647758
57899	562326
7497	581871
48527	565713
33351	595272
210004	576720
48592	565047
46982	604032
57539	554979
19732	610414
22279	586188
9742	569240
68521	566663
27335	543879
29797	581375
49526	638623
59808	544544
60101	603636
58174	637523
21474	614259
42572	575979
23278	547888
32764	530998
36910	568309
5241	604134
47581	545101
1444	552901
36917	614266
40259	619417
24905	528930
45274	541556
55002	549032
62391	625079
27517	580140
64454	527215
28743	592303
45467	581087
53987	620815
59834	612935
26071	538129
36372	548448
65611	624383
55929	571669
69976	534727
48665	615825
50401	544700
22596	573418
1271	628897
17572	644850
16114	532545
13425	605679
23770	552248
34608	640625
56811	591036
58017	606446
3112	578941
41044	581132
42530	650099
60400	642823
24899	578826
9160	580411
37370	615222
56525	557812
17348	629102
7908	545604
50996	602543
28113	532788
27842	561151
4051	553160
9611	606540
3664	583014
46977	641013
48880	584578
37049	583725
65885	635697
53442	540899
16982	547706
122365	586690
28826	586978
50162	531678
28231	562497
44506	636336
50167	532228
33844	546033
42230	541320
15548	611701
33856	604956
35922	641121
22881	573898
41609	558916
60845	587044
60630	571762
59926	597956
9367	629604
26562	536635
48239	574730
63583	611319
37349	526606
47561	545824
63561	596513
76777	648083
65628	575318
61611	624670
36663	547687
76187	611709
83100	592165
41050	614144
55290	582788
60062	565985
36991	591683
60137	578167
39862	579288
27560	538018
29849	555676
58530	589412
5928	560779
8851	581982
43201	565954
58109	588480
53297	620209
41770	584440
29931	528561
15561	611329
38351	544747
58234	566235
42383	628315
7963	643855
36498	532059
40503	626525
62808	563422
49852	566696
59771	549156
52090	632243
25095	548575
107918	557254
21362	547330
32170	535513
20077	620131
3025	660323
58168	613630
65666	535460
1288	556732
39981	542808
10028	556345
45781	644333
7753	557375
78076	566206
87154	544237
29537	582703
66826	640367
24446	632810
48622	570764
59476	571136
62162	573721
63043	527749
25106	601823
62475	538192
580	532202
65480	594565
66739	609437
20047	574807
31656	607883
12227	534676
205852	616258
26056	595073
161507	644162
164085	616784
53954	574274
88448	620462
8597	539513
61244	592069
28296	557708
9208	636567
87404	582965
38025	561662
38588	554462
38581	578088
39975	584244
23745	616192
8690	565122
57477	532000
49752	640519
27433	584378
5643	590138
33201	626176
39477	548077
34815	578389
10486	567268
9467	542742
34299	608084
47298	610942
12094	579274
6654	527495
63058	613890
40298	549572
28127	550154
26656	575335
50207	558621
20820	549918
40253	555472
25652	533879
50558	536493
5382	627372
34113	594649
65225	565463
38097	541576
60906	612648
26778	596514
114583	548562
28512	582268
101919	557191
66756	583209
35287	582403
629	589505
629	596893
34422	616197
40648	585873
202561	557201
34820	543602
58372	568098
18656	626208
12400	595895
70651	557688
99465	626121
127888	665597
25883	532428
6559	536677
120384	591024
96163	559818
87172	649812
94273	574441
85527	538904
94201	527186
108283	556049
94208	561687
77966	531411
87468	537227
71024	561279
6779	552370
181255	563796
91357	570337
96244	545060
207790	599060
301801	615842
301756	563089
290405	560447
85521	527438
124871	630386
80019	586127
43189	530875
3252	574554
56304	557729
78280	577574
70889	610384
152915	581576
96251	591686
94262	638243
91650	556221
94157	621229
103686	625602
301785	576994
69493	761274
77570	537624
79327	538947
76680	550802
72530	576690
80925	602082
73543	539618
179612	594264
7734	551721
2018	600144
26567	569006
34266	611921
2654	557533
43110	547807
8639	648985
50780	535301
55579	528856
62011	590985
7503	586884
63611	534222
12700	617990
8985	648469
61883	533367
1832	533068
37219	530548
6686	638511
42816	575526
48702	624928
29462	601980
52869	593755
89522	649624
22445	612045
95837	549478
32599	620326
86435	561311
66054	585522
115376	613671
34321	534681
202663	545406
100631	591105
70531	606654
89525	527031
96648	538088
202685	621094
6990	533847
80907	555168
62731	562168
88417	614210
92292	581789
60829	526843
92	533251
208038	597852
18592	555566
60459	576902
57405	575969
1492	590787
5546	579850
16720	569404
131996	636055
115754	581711
16049	588630
340	663064
340	661162
340	566155
340	616121
15567	615275
2770	570995
82345	541115
88905	644629
86426	629607
573	566955
573	566155
573	525778
3462	583187
14919	624210
200	616121
76276	632944
80492	559538
70039	632784
58949	602091
16325	537152
16055	617217
132711	567323
178424	605816
14653	567084
78613	649430
7054	549792
16641	653254
5088	642683
66672	581728
1339	571330
16727	604798
14826	622347
75208	534107
67059	633204
84007	638829
225523	636457
61116	552267
15729	606397
187334	592969
14832	627347
60557	608598
86432	541137
27979	528129
40590	569955
48865	544540
11249	525766
66291	536584
9277	596606
9244	531915
40246	528550
8868	623821
69525	531984
70965	645025
53060	551534
61760	531194
8931	552536
20090	543303
29131	540761
18862	590628
181399	637933
48563	606924
14931	572177
57905	641050
149880	640271
18116	614972
145292	561709
189742	643317
2764	655761
985	649847
1773	609015
58451	553072
62076	584224
7859	658891
4849	529385
8062	609530
58322	550243
15592	533369
16787	651135
741	589505
741	550069
17198	617585
4290	660030
84615	604469
48011	551626
62015	591483
16541	541000
1557	590401
608	616612
86440	564033
977	533976
202767	636123
52308	578266
88285	560006
1455	540610
157868	583850
10953	556229
7004	568507
7004	598566
16831	609014
62022	621022
43592	609607
165746	533555
19306	647654
34385	651540
39856	601219
46142	544481
118798	575746
182325	600631
66079	638436
87	634693
65494	565584
96402	602306
82657	592173
1847	551445
139760	740884
182352	600295
30645	557962
73127	603658
17580	641477
118910	529119
80389	527327
35743	570426
5123	546076
46847	551717
2220	577637
2217	664769
2217	581962
15737	650535
40769	544199
1984	559741
1984	565108
42386	579475
56222	554989
202878	532226
169653	609539
29589	583939
58155	558342
131476	588191
50552	618604
11552	547138
52134	546291
29937	618178
12087	545609
31879	528651
41434	574939
37813	556942
53121	558439
98047	587935
29318	547377
28507	577627
45540	604160
761	666248
66647	599567
8132	528790
25376	604182
64126	536743
95733	531549
46114	526833
34757	641183
53681	550797
45692	613932
21221	529934
55056	556309
66598	581580
204539	586284
65790	630975
53796	569241
16860	621480
46651	555684
10575	569218
12491	637125
31308	616359
32536	546555
58659	572214
36547	553902
13697	544820
26192	561879
31575	601758
49024	624823
7249	563401
21420	643829
46221	637522
47731	566193
57355	561944
40584	539237
66821	617353
58268	549997
16061	628070
56878	559448
9423	586781
15863	633915
1275	632162
35408	584155
7164	546233
458	547696
17999	549004
8810	597467
41306	581065
35010	588022
17961	546207
44492	545837
7002	577125
40431	539204
9259	526060
63098	577561
58475	551753
52336	606511
63454	568639
55860	565576
32188	548686
11528	554177
42484	526251
8195	537722
14937	631192
66652	618332
191595	565551
80002	591144
18661	615511
52857	611122
58278	556137
123973	574247
43145	590888
42281	540288
69374	636169
9016	652231
44269	605053
53366	562494
33871	542145
100750	595554
435675	667603
142444	576099
19719	546996
49410	600114
101880	541939
77367	554603
3124	639939
62308	609776
81593	551595
29444	568135
77828	533318
136280	568959
51003	529945
60260	645783
66980	548187
36827	577284
30242	587866
30547	533580
56599	624386
11536	545382
46657	651880
23407	527012
29216	607209
45570	611294
56908	614224
73948	599664
123845	634018
115456	632729
38019	588085
15099	585166
12242	591852
159785	615502
157149	571807
109957	527046
145338	657039
282179	635489
4972	554163
190906	614192
73262	633693
28090	526578
54512	654427
61084	533928
100963	550239
54172	581768
65221	597208
14163	640151
155534	611284
74474	539283
2385	658665
134059	525826
21162	549274
29684	540124
50306	591967
54505	652755
66112	540003
28942	583780
32604	568278
57007	615856
65722	534935
64260	644542
7489	560205
30866	612429
4518	539499
126128	530152
1273	613197
1449	564499
10280	560695
26122	564051
51530	543690
44859	596669
65213	614490
41776	556975
45896	563973
6408	613104
51784	586672
23753	545105
34848	613569
44875	590694
55902	596701
24356	536441
65195	531634
45502	605595
50048	557879
64331	621971
24598	628914
21698	589431
21039	587951
24206	607059
40025	562303
73406	565048
8293	585917
65114	528323
59935	536646
65086	562821
7880	565459
60470	582822
32755	595060
76440	560327
8542	652339
39583	527640
9512	616716
45601	547387
54312	560354
64443	557671
58390	585761
25900	565940
14123	637190
50064	575801
54236	538199
38130	600042
49355	587350
52724	568808
4286	580488
104817	567442
81908	541579
118521	598428
69647	561832
81929	575357
59515	565911
63614	614587
77871	553205
139404	593911
111013	557047
199730	609570
203080	644621
310354	604559
121739	618766
62738	557325
40497	578496
38923	591816
9210	571013
6392	569776
1966	604154
45280	642905
92422	544271
139758	596543
26965	552037
203116	630266
73861	603145
11878	549658
167908	607552
126515	569732
81322	624102
8053	589131
28004	529913
48876	573081
113011	541435
190109	595078
69717	592557
240216	566847
26154	613745
45836	571906
8754	547486
51838	573411
77228	570245
15606	571167
12368	593595
15613	535813
27094	590102
104031	529604
65961	525860
132016	564024
122608	573759
53607	611561
104425	532920
12815	612694
58537	527241
39345	543938
27737	561057
32849	637309
32182	612808
47050	577727
53802	598143
57247	576739
91971	557223
81667	611042
58239	584940
65234	606092
54789	603770
123028	617474
94612	616874
103145	583687
203210	577739
60507	567959
90033	561543
28781	566287
2400	633717
6665	563929
24507	591364
132002	587815
131215	598758
248095	561745
130232	652957
139474	559222
124557	536925
175332	724290
167562	565266
65014	559180
55730	603934
4846	555999
63875	609679
143875	649723
7085	590367
203275	572016
157778	532567
44354	574763
117202	658461
22888	578509
3312	659328
169530	554927
37740	541451
28806	555917
44754	624090
59654	611837
35051	626698
8853	570206
37774	533316
2167	587735
29451	534818
10516	545449
143925	598666
14387	544214
22633	621665
58333	538754
7530	590661
33372	555448
61454	527642
29457	534652
34273	590282
34948	579273
44470	584173
20528	635497
42951	603838
56050	528494
56903	536817
2008	543808
36815	532277
20281	550326
168971	578918
63221	532476
57267	640736
62745	537832
60542	549553
62481	569348
39776	580048
20862	654392
58035	538424
9239	601776
53687	630786
56198	542480
130860	572409
102003	681236
89446	546529
16555	583348
87428	618929
27820	536900
30690	578694
11545	637631
50245	565184
1074	575651
75229	614478
65269	615080
26971	547637
51043	610649
4454	546080
16781	650919
37623	565135
24672	585511
61327	585220
34767	561787
57017	581666
47587	600890
12610	580802
1677	605672
57279	533827
167122	548827
90410	602423
155806	599368
17009	662236
17152	579524
33270	536023
60662	541561
137950	655401
140590	560393
19039	534713
9281	590462
10011	572212
88178	538318
366961	577304
87084	559199
115595	588293
91300	659648
58543	531356
48994	596221
47866	605199
18553	559496
1177	570040
62969	603681
62200	634081
34546	644319
63657	620450
19034	655289
15599	552867
27106	596803
51015	606491
56463	590876
632	610400
44796	649210
32323	605982
65383	575545
47195	593900
50269	616895
61781	577305
3140	647558
248089	551381
18331	528975
64168	557742
15626	574060
18666	530719
56393	549820
35166	591866
61789	558748
16734	632994
33223	654562
46152	641148
38368	590120
12555	573608
61556	607549
743	529725
36944	529047
7878	660526
37363	530563
10975	545973
58375	539892
23579	617039
48364	556005
10156	565870
58629	564018
44029	618441
63276	592115
62027	646981
9748	550332
13190	598004
46965	561041
65320	592882
42858	638143
56734	634171
54969	646449
55509	534172
58517	549663
31668	650580
22010	627809
25131	531671
52676	551376
55588	597321
63844	644934
39194	537662
43261	547791
29368	592125
22383	623492
25730	574613
50354	627886
1076	588859
59417	626163
5364	603257
64609	585075
74052	531934
62893	550831
26791	594115
54248	573889
61860	615908
38970	578427
29127	566653
47152	532395
66561	537824
65474	619038
33865	586103
46993	565113
33884	575962
38599	558419
66220	569031
26796	548859
50633	577958
12809	615619
51295	530254
17497	603855
34972	614874
115	559018
35882	540863
46863	595318
4878	629802
46587	579736
9998	571524
93372	528774
55067	557903
56553	554946
33889	535582
60202	561637
11114	558252
27340	628064
118074	541678
57933	551934
39072	627016
86002	582979
93410	592498
8234	573839
63664	613667
73629	601508
47491	631987
27779	560966
9224	617675
27678	527771
116582	629512
7442	558753
46132	609642
46989	565156
21680	589251
27505	607914
33431	614353
47183	587728
37149	553955
37744	589267
36513	527851
8627	582291
8627	555013
18484	605242
65527	567389
72135	546491
26825	526046
45961	621540
9111	600584
46841	537256
31713	611777
45293	582496
62121	525942
15899	546045
53133	542175
47095	587809
2488	622159
41529	631864
44499	583473
59882	535483
8968	602904
45300	651505
50173	567704
12326	553513
4743	647276
35854	607677
41056	581619
41738	560971
1928	623557
1928	568507
1928	593144
36175	546759
1820	553362
26003	595605
21666	570232
19046	614094
41062	577991
42973	651568
45374	638388
19375	559739
29122	578472
65285	545467
50699	530189
54393	628103
63803	535306
41459	633574
33907	606857
41692	611149
25210	573039
27230	534196
31479	559562
67551	534076
8726	549285
53810	603292
41471	596756
18672	580380
955	566212
67556	606245
1842	534656
33895	585942
44633	629352
47156	544739
42986	551846
49963	582805
39259	559634
119008	551015
38031	596359
27796	572431
32256	561631
66911	655204
36304	565370
1500	538274
66985	563087
34827	569557
43225	594170
35775	597596
54072	641867
34279	557228
26365	540612
22072	632369
24482	619088
49864	548937
63971	579570
16067	652581
27908	583570
34716	593087
36630	558488
8688	543006
49797	587759
59684	570755
24845	629980
63214	598263
65704	546072
20447	573251
21553	639320
9489	551073
58807	643819
40436	559906
31469	594231
17525	542035
42147	539147
50021	569644
27730	568149
551	556301
48555	592480
19157	553805
3656	640065
53824	565552
45385	540983
26436	528666
9401	617368
44427	557971
49543	552971
43022	633410
40728	536984
39544	580902
13922	626114
36572	553487
8520	544298
9405	548175
31936	558884
36520	631230
51383	602079
10044	587332
10568	544971
63112	623735
39646	598319
43092	620260
40056	645273
52412	636833
41478	564117
52783	639856
52106	551021
59135	651500
22223	568560
20356	531720
61175	555030
29018	594741
8303	659373
27920	552856
8983	606358
41620	542334
42794	656682
1946	528758
19825	540423
63604	525816
38158	601507
24520	568410
28838	656135
43815	652330
64009	595507
26243	540938
51942	547835
43268	580088
47045	537906
42781	525854
6220	557970
65123	613329
60553	583602
121614	665983
40737	563421
33900	574643
33930	627606
25216	609351
60162	548165
50359	628287
51770	571765
46535	552491
14381	550234
51019	585879
28179	605601
51589	595259
105142	529128
105142	548212
1176	604576
23956	552199
42576	549079
65040	570003
40266	587479
34930	587444
37166	533679
55610	577493
12649	583239
13709	611700
9062	566895
53831	598231
22490	646426
65834	584598
58251	628854
133917	585680
72227	606057
145543	577055
141242	560442
10761	558295
9165	560511
65860	629361
26873	564317
52599	631665
12803	607832
59059	552881
63228	542326
124503	531349
63398	601652
10727	529181
31208	563626
190310	555818
65952	581781
19493	628238
54109	535806
13771	594334
6703	629940
24397	542786
42822	533214
63070	585311
52990	534266
93393	593556
54976	613228
29694	531777
73486	557320
21766	544864
59473	546282
145067	566159
56453	536019
39200	544378
80551	566003
112761	599258
59011	599763
38357	575713
47987	549772
18315	625687
61492	610146
5985	576246
260	657127
59969	532937
17730	661003
59631	643535
61562	612289
47497	611759
60857	561002
25743	531598
46464	594273
2219	617288
146608	605353
4947	641585
79206	625753
203425	536877
72030	548925
57198	573928
12485	654747
50562	555715
133886	558316
15166	637961
27973	572996
139978	584246
46103	557149
10001	649834
20257	540001
74494	562415
1789	634645
77929	633172
9369	542633
101109	570628
24911	535981
27611	567396
21867	639336
1118	608880
1118	526396
39786	552583
36118	550908
27161	587690
57208	534666
53709	638233
44766	617495
66568	570623
60075	630988
73259	565964
26958	579816
21321	648484
33925	594704
230	550012
50611	547732
11142	574423
89161	590058
36937	560260
9299	636486
51562	617953
9268	587543
31823	570274
9076	537599
44184	571347
46477	615532
3207	591806
61568	555035
5544	599558
5543	623627
2498	642417
80481	556808
79228	560703
65118	591856
81765	663366
94761	566961
485	580808
39077	607072
132434	534404
150119	582960
203466	563268
80937	588006
80912	547958
67799	591760
15106	537742
60516	634815
78916	589415
70082	542257
73387	613570
132454	592650
52199	637554
59659	552942
116077	546365
84220	562558
89010	606886
81332	539145
5026	610810
128265	614628
146914	575565
9290	582656
76932	555417
60803	571832
203492	600059
53435	605394
132009	626262
497639	551349
7778	554872
20318	604201
44256	567689
10399	555769
3488	559514
8774	536580
59377	564248
28892	582666
80792	569386
80792	573438
76165	647827
149137	585105
17735	659152
37443	561659
1124	583984
68903	537235
12250	583309
86269	543069
80085	583138
53693	655609
68973	554759
116200	654400
39851	583913
42990	532663
49538	638667
242833	534090
132047	652867
42403	641819
134323	546956
130345	574034
18679	596158
6331	599221
10735	555632
179721	543359
2127	545022
106903	618057
107803	547919
77634	612018
67078	612244
35485	605389
39485	599075
18081	596104
217020	547251
36273	567612
279331	665420
37356	549417
50285	577099
7322	588261
34126	542156
38038	576339
34855	597063
61773	530731
55535	602138
58258	555959
233553	635591
3444	539557
8724	597502
52829	531702
54996	656618
15112	615803
338	656006
75962	554804
8760	559977
63420	625038
23673	552477
11797	581445
16274	609803
183	563488
2689	648873
15633	583002
17971	570706
24760	544751
33913	589409
11978	579842
116559	658163
63333	616928
28663	596351
21402	593074
37629	588375
86107	617604
91861	597751
3484	550859
77955	538540
59397	584197
57034	567076
25738	588979
31613	610251
22174	624540
22657	556144
9482	557028
3296	557028
3296	606910
66713	597968
60587	620716
47966	565330
76500	603671
136320	652811
69073	603104
80243	594661
28989	548564
31474	643890
44335	598923
57950	643591
286	573167
52683	527814
112934	560861
3278	651268
85542	529978
40193	559662
159087	679892
5678	588893
5678	564103
184686	540345
63870	606696
21354	586940
9283	557559
66023	589340
29329	535619
49449	638426
45877	589920
548	528106
37819	557949
105997	548226
26669	605153
27112	616253
67036	592514
11935	550775
33919	630849
12851	653237
17264	632278
24922	543878
73722	573688
119792	642955
2013	611204
61150	619072
45738	566808
46783	563006
59626	637416
56358	636213
69380	564103
69380	555354
1989	538203
167558	555281
26160	581241
78345	603338
167779	525952
149869	568947
121516	536415
137034	594045
114348	542539
76168	533978
63460	534477
26979	617056
51830	557914
4897	582131
2071	588945
80984	642488
3118	615762
3892	568488
2188	529206
53993	541401
55257	533938
2606	588075
31990	540517
60549	576101
43279	559913
28478	571960
41235	645371
50627	589742
51637	565834
23827	563435
24852	570276
31316	550721
44138	632842
103398	585956
69072	598139
106618	564098
52444	545179
27179	634546
17593	546118
117233	547963
86190	551314
77948	526357
1823	582547
59468	531468
74236	565213
58440	608562
11460	557039
131098	755208
257	533835
257	608414
257	666222
257	647601
257	526940
257	662931
257	563109
257	663366
257	573438
59026	660841
28899	564123
2214	608512
53621	626475
304	634309
62859	635234
12501	630314
50075	579066
49904	539740
58385	614221
68333	565483
73874	536267
66966	613491
12374	561047
99343	598182
249948	555362
34492	606766
62933	559677
73578	597294
177063	638632
31019	586241
132282	555640
101927	553524
100190	571428
38918	574202
52464	553000
14447	617388
61927	545688
58810	577243
68626	562201
63467	527959
62083	528590
157860	591330
185578	538475
83424	620336
2	546227
2	581962
25305	639476
5083	593244
107407	549631
5418	633747
159916	569978
7565	554700
64413	575141
29843	542082
40973	617915
66059	557484
49656	538262
45670	627026
55938	538452
7493	549340
76721	539142
77854	551450
16620	657109
44563	622904
28931	575803
106051	626529
69923	603820
6748	614053
14170	636439
8513	565225
65430	576089
18685	609502
133341	611548
94442	615019
61377	531614
19763	609259
34890	645361
1138	547988
43291	597997
2640	568507
2640	542283
50738	570154
8525	629620
58164	619270
28363	601516
42967	604283
39589	632639
88188	570871
15000	656280
58814	539581
48651	547628
60878	542203
42826	642521
24384	634179
185	557146
55420	599249
127576	566471
38272	554596
40310	564826
51716	564928
66707	534700
53901	539982
11031	540734
22439	533290
9097	537858
36967	540916
43869	554011
45766	550700
51644	536233
56967	586713
24528	548728
45516	628203
39596	613921
14000	641903
27523	627761
173433	552359
10740	579972
48107	532749
69372	587463
108170	593072
69809	539903
112384	559499
77703	592020
77567	574513
78362	560995
66337	579321
13525	617774
1866	559195
8633	562507
114562	614161
62752	602210
17132	622990
60670	594467
66521	644040
1441	586999
1441	530490
103400	612814
63325	558555
1552	567156
1197	531175
52247	610121
27838	559760
58471	644380
17048	622696
53816	552316
13138	572012
49776	588787
37634	572704
167706	605277
11210	567422
60781	544126
56153	609921
1714	539549
705	566323
16072	596121
49549	558355
52384	542846
67736	530012
36137	552493
19940	576420
38682	559795
47087	530854
136207	536195
8857	570617
73894	608790
19476	648316
60794	621993
39424	532456
60615	595463
55050	546521
2040	605158
31361	617471
14013	657728
21853	528208
102746	577358
30119	598766
24106	561105
84454	614243
66663	579869
52002	588994
101847	559687
62180	635499
101850	632922
203866	651992
71402	606587
75383	660593
15763	624275
54049	614015
38103	549443
103672	567502
77190	578298
9074	581290
96406	576630
76264	529757
18087	592097
54042	571214
110754	557607
19852	575510
11275	614038
58669	605671
28377	591200
40160	536116
49762	533077
154985	634029
26449	602513
32633	621603
43195	564918
66215	584761
54115	598931
54990	583703
14661	663191
20085	577643
47816	528933
8523	600357
63480	602804
60894	533519
20164	546796
9903	539916
43098	644779
10993	583606
29756	614037
34935	604614
3805	601655
24111	578443
44638	589298
52996	581297
57046	566878
45318	607037
26987	584294
51026	567426
27564	547317
57783	584131
63063	582453
191955	583856
119592	581818
49702	580456
7898	585128
51154	577476
11410	582304
52097	527376
39793	589800
65340	535790
78099	558573
24221	530679
43040	527725
50745	588444
25477	571961
40156	537746
43343	533932
171057	629376
90103	604976
81009	630623
27814	584984
162220	558158
36505	600019
41614	561660
1091	538985
1502	604164
8510	533251
8510	657887
83563	567766
164549	535527
6446	542245
62863	553790
83408	631033
40517	539797
83160	589994
25372	578047
87187	603596
168911	563407
576	650383
12003	573254
80273	535426
4671	621353
8540	533024
8756	658370
85219	552827
26878	613538
6494	532458
6017	626674
10188	599941
46232	616714
32142	593389
48900	614493
30734	539921
66637	577069
45329	576941
55682	617372
57698	539671
71209	532670
18420	620482
9175	559706
78390	616207
60928	543226
66769	586113
9522	585498
42709	575621
24234	565768
25470	558896
25573	565222
52007	596917
34233	549300
1802	581962
1802	579134
68580	617646
65751	627737
51723	538548
91	542039
87490	548265
28237	547858
21452	527483
37180	574067
54429	528917
55562	563027
45311	657681
102112	528540
88424	537257
88096	564213
49662	639304
90327	574013
53574	648428
139379	656665
18829	540889
4841	567967
17204	589505
17204	658875
24941	538537
49673	639155
40171	544729
62193	573885
66159	548862
31213	587999
38364	538151
55183	536344
61943	556907
41314	547034
78022	554862
15639	565088
19074	549127
3084	628074
37750	551886
53129	527672
17992	641039
43809	584418
49595	538380
73747	628191
35038	547086
44189	624770
40596	535282
10609	580911
55824	576614
43457	607736
34692	558812
4935	622699
17367	553878
22663	537250
65153	629345
30333	590144
37876	544296
60978	657451
132024	655107
77984	605083
16446	624478
20811	537320
9555	667869
19301	630656
60130	564391
9371	576385
43986	533636
63906	604471
2184	658848
77054	579817
89240	620406
39549	571578
180639	618890
237692	553967
34119	606975
215314	527963
16078	561834
19428	528955
40443	563186
159684	547090
114259	627266
27896	586715
132	603820
132	599631
216819	603703
23460	594816
11080	551421
29293	555610
33263	557942
47763	570914
116359	593939
28914	566909
65239	536945
40175	526901
52289	543655
45325	622337
24227	571069
32155	622018
171672	621318
104343	635891
30558	636462
40978	605021
6318	526486
73309	528026
71430	568237
17145	591617
120334	600615
84133	579045
16562	590166
116286	614285
179110	591961
25222	633758
55083	543224
99879	561138
86167	568133
49669	556435
221508	617114
4606	584882
64997	638480
216998	569096
104696	578938
4073	551424
23857	649750
41281	561033
40605	607688
20326	638231
43582	571660
10085	648873
10085	641347
37883	594847
26017	599679
65671	631570
20454	585655
51615	583722
243205	578232
58349	561265
4448	631057
55165	605131
52929	583920
39723	538025
8694	628767
25756	572813
50143	635708
151494	621898
41076	592401
63357	549051
57151	543765
8954	550237
30006	532583
36149	560987
65972	582545
65188	540846
50138	630190
17448	605094
41349	585440
53627	561386
9450	608450
30599	662098
11762	592618
49250	612770
19524	591911
24213	559254
49957	540588
5436	582194
27347	590200
36385	532319
46905	553383
45513	650651
28530	619177
63361	589639
9201	544071
36959	529526
66962	528600
25952	560741
33313	593078
56873	597970
54147	556932
15653	581534
28400	576796
30171	550331
14845	531309
40609	581733
47332	629243
13626	591462
57069	584945
9407	551799
54729	563459
38514	573632
52280	560197
1838	568647
39866	552572
20573	594966
65299	536654
4333	628504
8021	587976
38713	527303
40600	583664
73196	575940
2594	594378
63486	603183
27385	601210
63732	552291
72515	556681
39082	595866
13749	563644
44433	578324
62487	534462
36806	588524
22639	544435
34372	650996
22168	539517
1355	606905
216458	616459
20379	539355
52689	605459
9538	588296
3717	584695
39555	542460
986	600743
54538	629325
66958	609448
43695	569293
51033	597528
21375	564930
45529	535389
53086	543402
88137	547759
9897	577233
85462	526936
40742	642754
23467	605174
8929	610002
42546	574525
47503	579644
56459	559341
21500	559871
48941	568101
158105	657385
54597	538446
53960	652975
41335	580311
42465	534965
49756	538977
73678	602271
108413	648768
13418	603103
21492	591783
23139	549789
29161	578609
8958	614489
43175	578686
48345	582731
54551	636073
62089	567062
89419	547137
62186	603386
62329	602944
25005	547630
175761	613347
58674	553899
66494	531785
33128	553280
8834	643465
17403	541954
3684	544246
53698	534298
102851	579963
70834	634769
35632	540207
37896	613032
55192	631560
64084	569428
10069	621647
24019	571302
31217	546705
35210	549084
39399	553720
51569	582665
104240	602808
35861	584541
49738	607540
30257	555175
39692	634548
9762	530016
22955	591408
37987	542665
16866	589343
33941	558124
55234	556563
39502	574408
17938	656847
25512	537386
2035	557770
2035	659048
9162	580764
74080	532266
67373	589823
52437	583215
51167	559544
74093	561831
64190	598252
11952	598526
7438	589463
30070	553563
34925	545676
4318	597381
43779	618909
46394	599697
8297	553264
1575	531116
26555	593146
33065	570622
35748	554848
42885	614337
37399	564167
46719	565151
143616	558271
42322	598388
56716	573366
8317	554269
44627	594729
52950	568803
38937	560330
44568	590271
52320	580626
4092	526247
43364	633010
10150	570184
25121	537700
43574	575748
30787	583347
27100	624849
55240	558784
58648	585647
26370	584442
45360	601439
16947	592003
17955	557831
46042	571501
57646	564790
214979	532890
14019	562733
22023	619348
29944	559435
61156	632285
67193	591060
22724	573769
8291	604254
39601	558912
25586	554528
44912	565568
54958	552894
2959	573405
8966	606271
33936	637324
43767	592798
9823	617643
29167	625795
60797	623372
38518	568852
46886	616957
26256	582983
8030	538920
45354	650207
51369	576852
30418	569267
44160	557829
61461	613298
25317	574142
62292	629865
22198	548309
38748	606253
44897	563431
58960	590153
27185	546922
66446	586379
55444	550009
59782	611039
64183	574461
44908	641761
65173	540033
74059	564006
61583	630084
1634	529379
36997	624714
33948	526664
25692	622207
51732	585297
29150	534988
22921	634124
54877	575031
57214	575814
38413	548744
15660	638708
25498	583359
49196	574411
14452	600513
73434	544383
13954	580211
4255	589505
4255	612955
61804	553392
2819	613499
60861	586866
27931	569627
34512	614841
53066	609123
17586	554220
13177	611047
29951	600788
25749	562869
60124	573816
12314	623834
144328	602267
8828	530208
27236	528260
33257	628848
41805	639644
8750	595678
62280	533918
17213	598594
73458	556014
38378	556213
59131	647939
26009	616228
41218	565299
61797	627667
42415	600532
35177	646350
38164	578282
59848	559748
64304	593251
66147	579920
23361	565861
28198	545509
35563	564175
53595	555285
26023	611702
49003	544692
51047	565307
7863	575135
37407	560542
16085	572131
17271	535992
35310	529155
54908	621197
8998	614283
15040	571098
6707	546227
6707	591877
17750	532536
22109	600226
44575	538402
54085	548657
57627	596460
63671	616917
63770	623774
28669	548902
29620	529260
44378	589515
40449	612495
62546	625571
25389	533264
26574	533681
30881	598418
30887	584211
31442	649485
52427	527485
10431	534412
17903	553022
52863	528310
74087	606451
5822	573652
1579	583167
38593	554548
78418	606641
10032	570339
27154	600580
35046	620144
25322	551101
43358	557391
4153	621144
31719	571110
41241	590873
42458	552886
54018	597179
10036	550576
43916	570176
2724	555013
33096	568378
20158	580966
19189	577676
55079	563291
65688	526875
31390	624343
30263	528115
36706	534144
49890	526903
13548	576769
66580	580691
55020	586499
11757	534345
58412	580367
20172	573916
33437	562028
1955	575112
55602	600828
93461	527008
62823	651121
45775	573450
63567	568239
45733	618453
36677	538276
51147	581800
64300	582040
60607	570255
58405	551905
8923	606811
33013	632597
48426	569197
67380	574866
55496	557013
66883	566061
9184	603833
27825	554207
30706	536987
27191	537531
36280	565992
26455	574675
12011	595782
9949	617337
56398	643158
74335	582939
500	631996
61094	578575
32560	569192
51429	547052
35428	590837
42273	600258
46569	572951
52494	570883
21945	598741
32872	584343
39124	554786
16281	573361
50642	559432
18929	636636
33965	601929
45347	529055
47738	606462
6794	550036
19100	542005
66383	568752
65295	573588
47326	638078
51348	597698
61383	585262
12361	535407
41486	573422
24754	617569
12387	617461
26340	564659
39358	612382
26720	583795
30430	556673
35022	586707
2898	535936
27427	567346
63765	532043
54477	573659
36238	571349
65331	620011
63914	534003
45562	629598
59945	600426
34966	614315
18132	639781
50648	527981
56104	545992
15757	648851
8859	554156
51436	548875
51442	537336
49007	618434
55178	530974
60212	582258
40271	543775
43419	576966
51449	555320
14951	607715
60949	570033
13218	592057
8107	539810
50765	570952
39984	621062
33996	635927
12672	630567
55737	564250
13850	617638
30363	560788
48811	545181
66350	556193
24859	526472
37639	640676
66074	603733
17757	555996
58735	640264
48896	607310
22463	592152
7006	614653
30740	592592
32965	606819
45335	626800
8527	541627
8238	591097
8238	618019
57052	610284
9395	555497
2603	535629
38176	534258
12334	570025
65896	608919
1140	591844
196823	531325
28302	572847
33971	628010
10478	541825
26578	552633
9109	633576
43876	654763
49067	560822
40401	547534
33135	536482
61187	616577
62873	630322
38524	552435
46899	539249
55798	580747
9553	732292
66906	580235
41648	625097
3737	633647
44834	623606
62207	568478
36156	579185
12548	531002
14469	531761
39642	566868
53291	556371
8594	627870
8594	540984
18473	585772
1573	583694
8206	532052
18873	555646
60406	572395
1902	564871
24495	529988
408	614564
40842	601673
40984	542562
24807	552068
9773	571459
64371	613665
49690	533225
46126	544892
36975	548614
57219	589935
35640	563512
26394	606265
36856	621433
37592	568256
45854	548421
59148	598677
59650	569575
49981	544900
72322	539679
7216	530779
41569	592301
80916	542179
44729	602308
41742	538905
46306	557883
53908	633343
19369	576669
26514	548555
59950	577148
23050	543301
25056	585473
34960	590777
53852	609248
20739	567467
32780	531864
41491	536553
8643	583259
58739	567333
37391	528482
62761	611425
17138	564183
17222	626863
38926	586890
67152	590458
33977	648300
56481	557755
17375	541061
33984	626483
45341	532002
19530	604949
40313	548567
31966	544693
20179	617609
25485	570295
52955	649566
59776	537128
63234	645397
50365	621559
29554	606164
54635	571576
55741	532254
52052	606217
1297	604979
1128	625810
99732	549860
64473	589932
22376	548252
55542	569888
25915	533676
33209	600602
47074	606074
9767	579939
33989	571072
36866	545702
9399	628793
20465	630950
37824	587832
37831	555663
45523	541558
9335	582121
790	585638
1818	591714
1818	528233
33231	564808
6906	545781
42891	618391
1136	598214
44093	564264
66761	654512
46301	612458
50149	639408
13163	536340
3414	581441
27029	556920
36391	664490
36391	603688
38044	558589
51308	602128
54346	663185
51207	580942
7773	643665
3632	647597
100692	545507
4383	548048
100034	597131
138660	540719
153443	533709
92513	566214
170660	552498
76445	559659
100522	529567
53633	533085
77653	617086
2030	526004
26283	542108
37156	617416
52779	566452
69609	588070
77697	616946
83547	542169
54296	612158
73230	594164
78341	544385
327	652871
77354	582099
77354	599601
9148	532004
112667	610405
55888	554388
73245	553323
216832	536547
168085	561372
136255	536405
131905	544109
8832	565455
9480	571154
63339	614895
80943	553289
82604	594826
77357	607584
80652	581079
46931	576858
24665	599920
133203	532490
100865	586579
237404	583315
83946	628600
84233	535777
66861	553578
72459	542535
77918	615599
6593	534382
4960	529864
77548	548015
53305	597373
70288	597278
77366	584181
149237	531937
2002	568507
2002	621694
2946	526311
112	543513
11135	611666
8678	579493
48952	581996
4366	560773
8533	634331
73151	531714
28073	534598
57928	562883
56130	539312
21274	534350
4450	665474
5576	611910
16940	646005
17085	596383
16453	527487
789	574761
1443	595660
102796	596020
7052	567618
17394	592782
46624	641097
70120	590291
77557	580683
79656	639382
6648	618652
5659	553422
104266	580903
80595	578344
83652	533219
67731	614986
5392	597386
49802	576329
7081	547230
103130	582285
116474	534359
56801	642796
28820	554858
20978	527778
37037	603612
49683	542874
39096	551587
72278	570289
18599	536225
157713	545362
101956	545434
89907	587804
75262	592150
796	559481
98873	545350
8147	536661
73613	616156
120371	549366
120367	596125
73302	616059
63492	598433
37063	603793
40800	558491
207553	630358
3071	557267
125620	577952
162889	580920
41286	575848
7592	568921
120677	569710
31956	583512
75376	562098
130989	645454
65097	602215
1626	695411
